date,q2_cost,q2_emergency_kwh,q2_emergency_cost,q3_cost,q3_base_cost,q3_reduction_fee,q3_increase_fee,q3_emergency_kwh,q3_emergency_cost,q3_adjustment_abs_kwh,q3_adjustment_cost,q3_reduction_kwh,q3_increase_kwh,q4_cost,q4_emergency_kwh,q4_emergency_cost,q4_3_cost,q4_3_base_cost,q4_3_reduction_fee,q4_3_increase_fee,q4_3_adjustment_cost,q4_3_reduction_kwh,q4_3_increase_kwh,q4_3_emergency_kwh,q4_3_emergency_cost
2025-02-01,22720.17803941386,120.30886804626716,498.2500258143139,29203.111245503424,23107.610050327174,493.54903573745815,34.637929263769564,1209.9034326993574,5567.31423017502,1658.6322176572762,528.1869650012277,1606.8281360955182,51.80408156175804,18255.423096259023,120.30886804626716,427.28049868673537,25682.759624873644,17828.14259757229,623.1933297516944,1943.0849491085605,2566.278278860255,3475.354636918834,2087.2359289433134,1209.9034326993574,5288.3387484411005
2025-02-02,59698.181983486174,65.62562857123487,327.9504380848568,62685.508898030814,59064.09455519218,496.84481605226983,307.5337654201875,603.4777696459211,2817.0357613661668,1815.2364790188865,804.3785814724573,1547.4178190188863,267.81866,66003.66654109041,65.62562857123487,332.8627531563382,73965.70675372348,65670.80378793408,1729.531401279642,3235.320172891006,4964.851574170649,3512.0569209603573,2287.3023947103575,603.4777696459211,3330.0513916187497
2025-02-03,59283.11214665456,63.92880879276504,256.99608801899274,67100.85878757462,60922.842541442085,1243.4414853269177,0.0,1175.9896251212235,4934.574760805626,3428.199611193393,1243.4414853269177,3428.199611193393,0.0,66516.39998912123,63.928808792764926,257.82162454607993,78239.33038560182,66258.57836457514,1759.5698983969733,4273.017122503294,6032.587020900267,3381.58878625,3144.026764186634,1175.9896251212235,5948.165000126403
2025-02-04,59544.28003395498,193.13238092257967,630.9411093079636,66552.58119919975,62642.36381805455,989.1332963006586,98.13923598487459,731.4478388734422,2822.944848859653,2701.2662124999983,1087.272532285533,2620.839904999999,80.42630749999961,66843.31369322621,193.13238092257956,673.0883230544465,75330.84058211974,66170.22537017177,638.0634361914229,5191.904942703941,5829.9683788953635,1227.9662164731599,3909.4097977292795,731.4478388734422,3330.64683305259
2025-02-05,59715.99998303369,94.19322862844331,430.64955382173895,64105.289123800016,59351.14730960137,159.2709654623753,1382.362128898246,736.994789234538,3212.508719838015,1826.1002850000011,1541.6330943606213,418.34800875000076,1407.7522762500003,67241.94010124714,94.1932286284432,438.0831136700559,75494.40593195932,66803.85698757708,884.033761474603,3947.6938120340774,4831.7275735086805,1683.7905224999975,3055.871332940911,736.9947892345378,3858.8213708735507
2025-02-06,60445.4389156,47.15879429097254,250.6575716686428,68266.67653801046,62944.66412857713,1815.0809849831976,0.0,704.4061497129632,3506.9314244501174,4999.501412118879,1815.0809849831976,4999.501412118879,0.0,67882.98522086545,47.15879429097254,237.88750190147056,76435.93413233216,67645.09771896398,1508.0678583510949,3076.2719219589812,4584.339780310076,2911.367899999997,2196.6781925000005,704.4061497129632,4206.496633058114
2025-02-07,25235.40024310269,111.0680730159998,600.6796152684315,28597.455716579614,25671.669838332193,790.7410833598278,39.82168909142419,465.53645615526096,2095.223105796171,2797.481118864498,830.562772451252,2740.5360465186895,56.94507234580894,20121.769161092034,111.06807301599963,503.06278393203877,23341.403443781204,19618.706377159993,560.092624266658,1232.7297439440615,1792.8223682107196,3126.589903135704,1273.4537444972234,465.53645615526074,1929.874698410495
2025-02-08,24989.903133379856,65.23153303353013,429.8312284337703,28106.7263027733,22110.872571779164,1.3185882608013343e-12,2228.6254443760586,813.4688263588586,3767.2282866180744,2937.935620826299,2228.62544437606,2.6716406864579767e-12,2937.935620826296,19736.659145931568,65.23153303353013,362.44799411298345,24975.040963508403,19374.211151818585,758.55024892504,1289.5417890266865,2048.0920379517265,4277.9109746839085,1323.7796365174722,813.4688263588586,3552.737773738093
2025-02-09,58817.77076787446,87.35742547831279,245.7541280367432,65569.31270019792,60468.81419022049,736.9907629811244,1529.6563547082471,696.2011870165022,2833.8513922880566,3176.881009567901,2266.6471176893715,1605.3992325000002,1571.4817770679008,65610.16904300191,87.35742547831279,356.15726041175935,74594.73496367836,65254.01178259015,769.5835423925893,5239.013684368996,6008.597226761585,1549.1057029820624,4098.190657982064,696.2011870165021,3332.1259543266397
2025-02-10,58986.43889015403,82.21478125618432,416.4044328834511,62368.531019662376,57635.36673025882,1102.4242001292841,90.5515666335933,772.0019238613635,3540.1885226406775,3205.4002733320012,1192.9757667628774,3126.144670151337,79.25560318066402,63837.37927493111,82.21478125618432,410.7406110080333,72457.12920760328,63426.63866392308,2577.040158508075,2425.274126058189,5002.314284566264,5781.768227480654,1749.0528850000007,772.0019238613634,4028.176259113936
2025-02-11,57674.4713935942,36.30049829351458,195.84807380757576,64252.74989922433,58295.389819710625,1515.9281655701514,275.972808020813,934.5280838678688,4165.459105922739,4205.556070367618,1791.9009735909644,3928.796694117618,276.7593762500006,63087.298521485856,36.30049829351458,185.988723360006,71404.48501236054,62901.30979812585,1818.6262831241004,1798.060027929905,3616.6863110540053,3922.463943333331,1365.425956234571,934.5280838678688,4886.488903180701
2025-02-12,57273.928285955575,48.585453493647265,310.0587369217195,64436.493445320986,58548.18947359013,1493.844134646206,1.1326951762498922,967.7395981645516,4393.327141908405,3917.8014318045653,1494.9768298224558,3916.089506804565,1.7119249999998374,62191.371189642894,48.585453493647265,306.52769056159957,71337.5663625295,61884.843499081304,1733.4585245715111,2629.31331727932,4362.771841850831,3808.073543333332,1963.7311200000047,967.7395981645516,5089.951021597379
2025-02-13,56737.45001569841,36.60546007835444,246.56568807818024,60700.26261631062,54707.15747923305,988.6808290946847,1093.4079993291693,874.348486675235,3911.01630865371,3625.10986358025,2082.088828423854,2670.569408750001,954.5404548302492,60990.76157699078,36.60546007835444,238.71061398886323,70044.50659319108,60752.050963001915,2498.6561214095764,2250.549247757509,4749.205369167085,5323.01694375,1781.076614999998,874.3484866752349,4543.250261022088
2025-02-14,22180.078425665986,138.07042535668558,470.6589185177669,27814.81389026386,22468.042541526585,251.55285499901296,844.2121842740547,962.0343893739018,4251.006309464211,1913.713463873682,1095.7650392730677,1166.9145754647884,746.7988884088935,17590.6727536206,138.07042535668558,406.2658672846434,22880.28652535179,17184.406886335957,178.83518119893466,1498.3182181022626,1677.1533993011972,1158.957445026546,1662.604371239495,979.5530424927064,4018.726239714634
2025-02-15,22451.14527704085,94.00661353411118,561.4917525071705,27627.377008152536,23513.29219278848,268.80830709568056,0.0,844.790502263955,3845.276508268378,901.0371398066827,268.80830709568056,901.0371398066827,0.0,18276.51498236367,94.00661353411118,469.7624448640303,23083.829770395783,17806.75253749964,373.72178706435255,1412.9769117977073,1786.69869886206,2168.7564252850075,1468.1131957164591,844.790502263955,3490.3785340340814
2025-02-16,55923.07447076871,39.17276641395654,244.92627357331918,65846.20839188823,58996.108472162465,2183.5688063527377,0.0,1031.7402272471275,4666.531113373024,5980.076501635331,2183.5688063527377,5980.076501635331,0.0,61165.600904381296,39.17276641395665,245.29515223595322,70277.64847849331,60920.305752145345,1481.2533772998654,2437.9693119762633,3919.2226892761287,3126.497937499996,1788.0702199999969,1031.7402272471277,5438.120037071832
2025-02-17,56512.98856172386,81.22704017812339,511.7593742549403,64392.71051532741,58245.911441045086,2655.5796170607546,1.3811873203123985,792.0520605638033,3489.8382699012477,7764.29814979926,2656.960804381067,7763.121118549259,1.1770312499999136,61403.25160928044,81.22704017812339,493.8142155402174,68880.99405010957,60909.43739374023,2378.609181751929,1661.1643262778307,4039.77350802976,5186.294616255488,1256.0071427536877,792.0520605638033,3931.783148339589
2025-02-18,55319.55594916262,17.71909962880693,69.88541248202353,57313.93249325294,53046.498114175796,147.28973884632282,2132.796790648812,450.1215722541492,1987.34784958201,2628.1264166292713,2280.086529495135,346.1703742096986,2281.9560424195724,59306.69659911652,17.71909962880693,69.88016891071346,66072.59127520052,59236.816430205814,1609.9376308926787,2992.360522415605,4602.298153308284,3595.2701025000006,2261.641077407404,450.1215722541492,2233.4766916864364
2025-02-19,55420.81310364408,154.75142955654667,613.4792635756543,59383.291779340856,53707.844182864836,251.90757110062953,1315.3152733451204,970.4024123058387,4108.224752030266,1924.4225062500004,1567.22284444575,645.4787475000036,1278.943758749997,59215.687060759374,154.75142955654678,617.1618702896371,69267.26542674597,58598.52519046973,1829.5682005940587,4125.363410887655,5954.931611481714,4225.947093750003,3054.2393359316366,970.4024123058389,4713.808624794536
2025-02-20,54330.44311975533,57.69220173173858,252.99195451219367,60716.19432470592,54989.886011878894,1063.064253579259,210.79100786625057,985.4965603763114,4452.453051381512,3284.6947014539683,1273.8552614455095,3117.041800203968,167.65290125000047,58934.56730219478,57.69220173173858,257.53927126945166,67377.52984387282,58677.02803092532,1373.0806469129082,2138.0984354248094,3511.179082337718,2774.7680100000007,1631.0202974999984,985.4965603763114,5189.322730609778
2025-02-21,21362.198502102096,194.40652205199888,844.2890282980945,24646.782476670698,20779.19959172616,80.36167799236821,274.13130908184064,837.8795463185918,3513.0898978703317,633.0086445677094,354.4929870742088,390.7691611590949,242.2394834086146,17092.027472191483,194.40652205199888,709.6690517550848,21032.352374682898,16382.358420436396,319.40960910185,1118.5788959392858,1437.9885050411358,1774.3131540622726,1392.428578473795,837.8795463185918,3212.005449205364
2025-02-22,20697.450705982243,70.38711265498077,378.5856237882832,26114.23097350624,21990.594947328373,268.0344422686911,92.68444923749972,830.1950753378019,3762.9171346716757,1049.498471865828,360.71889150619086,969.1207843658281,80.37768749999975,16753.290677220168,70.38711265498077,323.568600983273,22738.957407703572,16429.722076236896,445.0347555952866,2380.6108637045386,2825.6456192998253,2463.3089174560387,3579.5695887538395,830.1950753378019,3483.5897121668536
2025-02-23,54229.43108187951,105.84936517556343,408.8322766372155,60287.30377486569,54506.68332277998,939.4534614424821,448.7362576753142,970.1981654496699,4392.430732967932,3081.255688398261,1388.1897191177964,2736.3369321482596,344.91875625000125,58201.80656810462,105.84936517556355,415.883403901586,67383.25477038126,57785.923164203035,1558.6703053064452,3058.1358150604206,4616.806120366866,3312.428488928538,2427.8144962808597,970.19816544967,4980.525485811357
2025-02-24,54050.79951607289,79.25016228603852,433.46534404730744,59191.975601618884,52560.84936252344,729.8247036415469,1864.75089712734,866.9444666631073,4036.550638326551,4249.382384899645,2594.575600768887,1917.1303839457687,2332.2520009538766,57782.57589824729,79.2501622860384,429.4509011658994,66964.3913069881,57353.12499708138,1819.500594465741,3219.816080577814,5039.316675043555,3849.218342500001,2620.1444201234553,866.9444666631072,4571.949634863153
2025-02-25,53861.04880314712,107.10299418244188,441.61325104317086,62314.86996825061,53954.09838657293,2107.070864411419,0.0,1422.554746717518,6253.7007172662625,5574.83065754254,2107.070864411419,5574.83065754254,0.0,56685.120271431,107.10299418244188,441.5273400650747,67647.64107615461,56243.59293136593,2637.9848068591014,1743.432669508737,4381.417476367838,5902.4658925,1350.4825674074082,1422.554746717518,7022.630668420854
2025-02-26,51555.500812379694,27.241681532751613,157.78664397536414,57487.5411782789,49664.38342958028,28.275738758000024,2533.4386718108535,1189.374738119836,5261.443338129775,2659.5367099135533,2561.7144105688535,70.83773750000006,2588.698972413553,55015.03707067222,27.241681532751613,161.97878796998003,66943.43693926268,54853.05828270223,1604.1603877469038,4593.333679287558,6197.494067034462,3539.1229182802213,3536.7515210390557,1189.374738119836,5892.884589525991
2025-02-27,51832.69888649929,90.89487326104182,484.31558904423133,55689.39426384013,50754.11836837528,296.33840657507164,1164.2603857170318,784.2866554161853,3474.6771031727503,1915.720394275931,1460.5987922921036,853.7820611895087,1061.9383330864225,54026.24520594075,90.89487326104182,547.0148836273456,61277.78095947258,53479.23032231341,1143.8030296383008,2758.8852421556026,3902.6882717939034,2881.536458288177,2001.2215139361738,784.2866554161853,3895.862365365271
2025-02-28,20219.900187165076,288.9076098255437,1020.7962999052072,23832.627452236145,19307.33106906571,90.71476206481266,556.6510177986975,888.1098764698809,3877.9306033069306,956.4624549989385,647.3657798635102,202.96095875000032,753.5014962489383,15921.306091201363,288.9076098255437,848.5537897410546,20434.303246887455,15072.752301460308,403.5961839750934,1476.9081686344239,1880.5043526095174,2420.888824417083,1911.9531273513942,888.1098764698809,3481.04659281763
2025-03-01,20050.12189540491,307.47341133845515,1419.4409575731124,25086.911043587505,22398.742863961677,398.01548990890495,140.0262366150688,440.2761623984057,2150.126453101852,1610.9693587778847,538.0417265239737,1401.8032722664675,209.16608651141752,15746.648803942144,307.47341133845515,1174.140445391878,18966.540866942458,14572.508358550265,0.0,2171.220913392696,2171.220913392696,0.0,3317.258337918016,645.4157190590529,2222.8115949994954
2025-03-02,57134.414529080896,1500.0583208351989,6164.346278291805,59465.00310075729,54701.8695461071,499.3299224402779,1968.9363271667394,486.4479052364142,2294.8673050431826,3041.6768332507177,2468.2662496070175,1393.0008532507172,1648.6759800000004,61345.05688713434,1500.0583208351989,7146.917586599205,67685.04373108927,54198.139300535135,915.2445824999327,10117.274182374216,11032.518764874148,2005.9937700588532,8102.675153922557,486.44790523641416,2454.385665679985
2025-03-03,54464.97182985757,437.30705016473075,2103.549993774146,61720.0734840948,56556.11814316914,1691.7492238419036,768.1090652840634,556.4569911121237,2704.097051799695,5692.7578756738685,2459.858289125967,5062.7035156738675,630.0543600000007,57879.78338478556,437.30705016473064,2187.758602585948,64710.22121912606,55692.024782199616,976.3478971272901,5223.740806915725,6200.088704043015,2227.719299267902,4007.9446802188763,556.4569911121237,2818.1077328834326
2025-03-04,54482.78549284368,183.94529485623264,752.2495860526057,54768.88343095332,50486.94592780684,156.52205221550008,2048.3023291936493,476.0687278314323,2077.113121737323,2340.153530555557,2204.8243814091493,386.20551375000025,1953.948016805557,57777.27069927288,183.94529485623264,745.5007948093142,62645.13559997157,57031.76990446356,1759.1715510993197,1659.539927088935,3418.7114781882547,4100.570323719137,1229.4464449999987,476.0687278314323,2194.6542173197545
2025-03-05,54037.55813722696,119.9188366104919,652.9487487011294,56542.96442306758,52525.98752496902,1508.9717449611594,25.77476278143738,542.1603971431762,2482.230390355963,4408.315132160498,1534.7465077425968,4387.233348410498,21.081783749999886,56176.84536805784,119.9188366104918,633.2260501109063,61453.083011905444,55543.619317946934,2395.0018197513646,903.4440181649978,3298.4458379163625,5638.70981660494,623.6257812499988,542.160397143176,2611.0178560421477
2025-03-06,53417.12800443936,156.45322592516123,642.4524148708922,53647.015915061944,50061.12127604956,294.0490340757644,966.1216506603009,548.8100004253449,2325.7239542763223,1813.6794080057348,1260.1706847360654,900.4423898765447,913.2370181291901,55874.44095143562,156.45322592516123,662.3523294523983,63300.329054983216,55212.08862198322,2434.6779277559785,3168.1726569717607,5602.850584727739,6015.640287111491,2311.732213749999,548.8100004253449,2485.3898482722598
2025-03-07,18902.112926275076,186.28678920722186,631.541630539823,23225.022308188556,20651.199422043785,597.5259818042828,118.8254251312126,470.6599372687995,1857.4714792092752,1883.2231639321435,716.3514069354953,1703.6336148786977,179.5895490534461,14709.626242181579,186.28678920722191,513.6372131451272,17509.675860553136,14195.989029036451,348.51062296450186,1359.9239279311153,1708.4345508956171,2002.2211033859617,1830.0920406464202,470.6599372687996,1605.2522806210677
2025-03-08,18569.542891852387,238.35387624833857,1081.0951730607196,21634.65429935485,17532.26764332517,13.60708831228659,640.9042465699172,794.7405713885939,3447.8753211474777,1013.1881650648846,654.5113348822038,32.03744256488361,981.1507225000012,14459.050300444938,238.3538762483385,921.6541553499477,18239.769560783643,13537.39614509499,345.7746711165279,1406.4328739661446,1752.2075450826724,2025.3841685589475,2097.17048875,794.7405713885938,2950.1658706059807
2025-03-09,50763.11244839614,362.5547011759578,1864.5392776000067,57323.07389695389,50716.938024627045,1944.9729619565635,156.30835085025018,938.2129297416069,4504.854559520032,6310.3665400668615,2101.2813128068137,6180.624470066862,129.74207000000013,51964.93967374414,362.55470117595775,1851.8086771849034,58631.95637236171,50113.13099655924,1731.4362647484481,2113.328917510645,3844.7651822590933,4620.099055124923,1662.0499473084055,938.212929741607,4674.060193543382
2025-03-10,51437.59867193796,835.3209732099725,3037.428234610955,54366.23349679366,48901.68104079444,69.7194486666726,1284.3886651635846,897.252757879093,4110.444342168956,1261.5340754449458,1354.1081138302573,201.76485734567632,1059.7692180992694,54639.047737145374,835.3209732099724,3283.1761643340296,61589.7044414861,51355.87157281135,930.8925618298185,5095.909776476219,6026.802338306037,2109.549244896922,4289.903370484693,897.252757879093,4207.030530368709
2025-03-11,49927.49030321674,454.8593167631234,2014.7950321903556,53098.02923103905,43539.826656556055,42.21979516693741,4935.7865092571965,1042.8199366630397,4580.196270058873,5406.675741568619,4978.006304424134,98.53844749999973,5308.13729406862,51926.42983900067,454.85931676312345,2042.7012588451912,59980.46545698232,49883.72858015548,1791.8154351195049,3560.5932871994078,5352.408722318913,4258.644734278521,2924.00543513295,1042.8199366630397,4744.328154507921
2025-03-12,50033.63145900764,405.503214078168,1660.9551272540193,56163.89640421656,49719.394685677704,1862.9787202780776,0.0,1100.2445066455334,4581.522998260787,5337.278558034781,1862.9787202780776,5337.278558034781,0.0,51242.977922843434,405.50321407816807,1678.6227167409495,59562.105295005116,49564.35520610248,2203.359526840386,2999.7937825416802,5203.153309382066,5711.630260676362,2253.968819872156,1100.2445066455334,4794.596779520571
2025-03-13,51800.467629033636,913.9844785153441,4301.378434149113,58141.69148201056,49589.110197127746,688.1899657316231,1989.7050044760197,1264.73719173337,5874.686314675166,3513.1725135133916,2677.894970207643,1653.7564702463226,1859.4160432670687,54213.14705602691,913.9844785153441,4488.801567761086,61855.8017130716,49724.345488265826,600.5504539017609,5462.426627837598,6062.977081739359,1445.5571312499992,4827.926113061311,1264.7371917333699,6068.479143066423
2025-03-14,18318.4226666656,269.357934927527,1393.860649322242,21238.60718486627,17021.90346529727,0.0,698.6746720136955,756.2493160344118,3518.0290475553065,773.4388711474687,698.6746720136955,0.0,773.4388711474687,13863.001130226114,269.357934927527,1155.177929214197,17275.9956793585,12707.823201011917,263.6184800678616,1354.4543516665333,1618.0728317343949,1666.3648125436762,1733.2183930533315,756.2493160344118,2950.099646612189
2025-03-15,20116.09877596887,821.4285477262997,3196.266812413789,23652.277252164065,17177.773655033012,41.50608923992159,1050.8340595810362,1209.5918154922476,5382.163448310095,1349.6630550596497,1092.3401488209577,201.82878307766396,1147.8342719819857,16006.094250472048,821.4285477262998,2753.6188362958983,19617.554895506903,13252.47541417615,250.29839640850673,1619.2324369725043,1869.530833381011,1534.883806460784,2430.8781848442914,1209.5918154922479,4495.54864794974
2025-03-16,49468.610830024925,268.9805473410903,1092.1820112250784,54104.31867033428,47616.704822223,605.6610034574775,1481.5541093823688,1013.8713951942963,4400.398735271436,3213.82211414677,2087.2151128398464,1578.8045067028374,1635.0176074439328,50990.10481882306,268.9805473410903,1122.9996537163702,60933.244919307515,49867.105165106695,1963.8667454642282,4362.865924202093,6326.732669666321,4671.665469990817,3233.061301856305,1013.8713951942963,4739.407084534498
2025-03-17,47881.478885904486,253.23376266505647,1512.3842990155185,52409.303314719386,44274.8220308413,1114.9440172427487,495.2159637063753,1343.1564891456628,6524.321302928953,4260.779175609315,1610.159980949124,3844.6457256093145,416.13345000000015,47935.2920636573,253.23376266505636,1461.2249459794057,57884.23615727494,46474.0671176779,2698.4317092787255,1996.064668061251,4694.496377339977,7249.153949168716,1516.7218787500005,1343.1564891456628,6715.672662257071
2025-03-18,46887.35758576484,250.68423696277443,1004.6675310340638,56103.79850684015,50290.98189723921,2185.6212207848093,0.0,823.7948220822749,3627.195388816124,6144.1833853353655,2185.6212207848093,6144.1833853353655,0.0,47679.98578735704,250.68423696277455,998.5405849489209,55214.38344003254,46681.445202408126,1172.261661965346,3562.2653222762297,4734.5269842415755,2815.389007282173,2825.3517393504217,823.794822082275,3798.4112533828347
2025-03-19,45852.053322689324,143.2392867871917,572.4763344709842,49213.52696165987,42224.74997403333,65.2404873564376,3873.8105727222874,710.8336540387587,3049.725927547814,4246.368920609695,3939.0510600787247,144.07932375000019,4102.289596859694,46185.855100322,143.2392867871917,577.2554066847871,53042.59200424685,45608.59969363721,1278.548131952135,2915.0012034103547,4193.54933536249,3403.859179329627,2310.0501241656193,710.8336540387587,3240.4429752471583
2025-03-20,47713.843719376804,514.7676796316612,2643.807563994609,54769.629959136815,46887.36434489129,1490.1708472737587,527.9609467496581,1216.7238857521984,5864.133820222106,4872.532017940936,2018.1317940234167,4412.215063805004,460.3169541359319,48795.17623675854,514.7676796316612,2626.063391997149,57614.72821815333,46169.112844761396,1661.3179061179146,3754.098774312007,5415.416680429922,4251.341004525815,3154.0853023232357,1216.7238857521984,6030.198692962013
2025-03-21,18182.86744679923,373.51201659766326,1806.5619745769723,22164.23390009789,16486.821893400185,158.74482189009382,345.8315545677886,1168.7633432856178,5172.835630239824,932.4226886435156,504.5763764578824,423.96881534130307,508.4538733022124,13938.49771393104,373.51201659766355,1479.3211436012393,18145.701159600663,12459.1765703298,397.2462665010868,1049.1807989486913,1446.4270654497782,2193.950128464171,1486.6946190374856,1168.763343285618,4240.097523821086
2025-03-22,17116.315745500913,271.35814720881245,875.7952705319551,21797.369219933953,17234.03168670579,137.5604312990626,1350.0259162597272,743.1777973656225,3075.7511856693695,2180.408955301389,1487.5863475587898,335.1882250000002,1845.2207303013886,13046.893730587632,271.35814720881245,690.0229933079611,17441.98977853849,12356.87073727967,255.54959343030504,2280.7328778145725,2536.2824712448773,1604.3863873899609,3505.689861971089,743.1777973656225,2548.83657001394
2025-03-23,46660.386884176456,265.9612338719329,1332.6929369486106,54384.537749979245,48117.646456472605,1686.0260691379572,90.36021041606158,975.4053967788423,4490.505013952619,4729.0510091405695,1776.3862795540188,4619.336925390571,109.71408374999889,46927.28936598039,265.961233871933,1327.614189400158,53443.50034222691,45599.67517658023,962.5185275252942,2097.7747657549794,3060.2932932802737,2331.847703638005,1953.9067936602387,975.4053967788423,4783.531872366395
2025-03-24,44780.116991938085,276.32543567324603,917.2389735063454,51682.31958795107,45157.24135519215,1031.350988180074,701.8456368150096,1119.2301563013734,4791.881607763841,3588.837827428354,1733.1966249950835,2972.727383199961,616.1104442283934,45046.178547152325,276.32543567324615,968.4037617391731,55783.92152597233,44077.77478541316,1726.3654229918463,4829.248899075914,6555.61432206776,4777.452147173213,3939.5238209781005,1119.2301563013734,5150.532418491424
2025-03-25,46291.26595687996,409.25267592174765,1653.7013086138286,57713.71703036737,50032.12097376169,2874.2924297945433,13.693616083125157,1145.2872592718588,4793.610010728009,8452.098486219133,2887.9860458776684,8444.472328719132,7.62615750000009,46658.12298851056,409.25267592174754,1662.5711406875962,54342.17119734019,44995.55184782298,1201.341713978842,3155.0145472797253,4356.356261258567,3042.569346163863,2492.7173244079086,1145.2872592718586,4990.263088258654
2025-03-26,45205.05252757235,210.1821887802854,858.984180228106,49589.95751261854,43719.56357830934,1098.7876209401413,1070.104119724383,886.1287276075032,3701.50219364468,4427.945124904362,2168.891740664524,3185.7315812103757,1242.2135436939866,44852.25834768714,210.1821887802854,849.0774512141562,52465.49222509416,44003.18089647298,1833.3825866319874,2756.1674442581975,4589.550030890185,5339.954520114512,2151.390122242721,886.1287276075032,3872.7612977309877
2025-03-27,44860.220944134344,434.46747810257756,1783.158712389002,52854.28565385867,45953.44237344083,1687.5049851580557,42.20171870212519,1198.5982448083369,5171.136576557661,4512.832010503129,1729.7067038601808,4466.243048003129,46.58896250000009,44753.22241784111,434.4674781025777,1778.2556660747332,53168.82952659314,42974.96675176638,1397.578517186865,3497.1057363835853,4894.68425357045,3821.4393629518227,3125.427403306625,1198.5982448083369,5299.178521256313
2025-03-28,16981.997179241658,294.26757281503257,1133.4953073575987,20895.997616615892,16600.93920021294,36.127822746373795,659.4006387759945,868.5781321830104,3599.529954880583,1042.5945554298805,695.5284615223683,78.71890499999776,963.8756504298827,13119.22862650454,294.26757281503257,947.1477439247142,16682.655300600254,12172.080882579827,142.49984859103836,1342.3487818226608,1484.848630413699,787.7753607303063,2198.5644762277498,868.5781321830104,3025.72578760673
2025-03-29,16744.13680174019,283.06739982490507,1327.9517442573224,21621.086410421303,15402.693151340496,0.0,1296.6937848481557,1124.396662254833,4921.6994742326515,1473.0704731860321,1296.6937848481557,0.0,1473.0704731860321,13052.737432709613,283.06739982490507,1107.6611244139353,17912.720280440717,11945.076308295678,324.89715703306996,1590.6185239206557,1915.5156809537257,1917.3896848683032,2408.8344476048273,1124.3966622548328,4052.128291191312
2025-03-30,42591.203319405366,405.35943723324965,1355.0401080972056,52731.16826393151,44045.24465234211,2286.273069760122,32.92328136412507,1588.1670509856317,6366.727260465166,7592.926788081448,2319.196351124247,7575.397465581448,17.529322500000035,41891.808802313746,405.35943723324954,1339.9551762267993,50665.03212106049,40551.853626086944,1514.6932847230341,2186.4612266974377,3701.154511420472,4781.737773013271,1837.9545837721403,1588.1670509856315,6412.023983553079
2025-03-31,43358.21986221435,760.9343348066179,3192.812414032709,47942.91478778067,39202.707875865664,86.66036135325001,3271.2031779882227,1321.2269680873285,5382.343372573538,4318.251516924118,3357.863539341473,206.27768999999995,4111.973826924117,43326.01291137689,760.9343348066178,3293.88101105856,51828.03114486813,40032.13190031833,1112.5677943758465,5202.293110369685,6314.860904745531,3193.3914912758078,4860.405802134602,1321.226968087328,5481.038339804276
2025-04-01,46786.29615343542,2069.0878425948645,6328.82682807098,53949.8679946649,46066.50633359339,1394.8740306027746,240.90738293568788,1517.357949903013,6247.5802475330465,4409.894414562272,1635.7814135384624,4199.895537062272,209.99887750000022,48434.57380363693,2069.0878425948645,7067.523751090602,53782.523046987444,41367.050052546336,229.65370376205271,5884.415217950156,6114.068921712209,704.1213010231195,5775.981313428561,1517.357949903013,6301.404072728901
2025-04-02,47008.28227214305,1212.7530816819863,5491.769695608389,50444.277907594704,44309.1289913535,433.32551689316085,662.4124627773132,1204.6200335605965,5039.4109365707245,1849.3434120902498,1095.737979670474,1167.7966584036144,681.5467536866354,47634.06697682644,1212.7530816819863,5762.2926350459165,51202.55343106292,41871.774341780525,125.69511183484855,4043.1154304787606,4168.810542313609,410.77211000403145,3785.153053402785,1204.6200335605965,5161.96854696879
2025-04-03,44253.63197125463,509.95024925984734,1930.737745920403,52367.757413727166,45330.1655050557,1874.7743000124378,41.659679311875095,1273.319533915184,5121.157929347153,5309.346342716512,1916.433979324313,5287.1655052165115,22.180837500000052,44426.94949304707,509.95024925984745,1963.722857988786,52333.78188725961,42463.22663505828,1361.4645862661832,3237.7908312829577,4599.2554175491405,4504.199811306233,2664.154037697741,1273.319533915184,5271.299834652192
2025-04-04,15926.142024257546,240.76986721149405,1039.2939538868213,20469.512217511117,14979.742160240834,5.021706452625006,496.96933942973567,1185.1253862802575,4987.779011387923,679.8035476938444,501.99104588236065,11.872518750000019,667.9310289438445,12252.6556579991,240.769867211494,867.3580250104952,17036.108181522635,11385.297632988604,311.4237401620072,1217.1246692591171,1528.5484094211242,1995.5778339600683,1697.3546919659714,1185.1253862802575,4122.262139112909
2025-04-05,18805.46697998097,1200.5569029016285,4535.485963509287,21098.158696220464,14254.307062347598,4.536125671000033,434.56193051824164,1689.3904146191617,6404.753577683624,544.5330399999995,439.0980561892417,9.260465000000067,535.2725749999994,14581.888588884369,1200.5569029016287,3499.121389670646,17891.724937125342,11082.767199213722,380.5198969583463,1262.4804048066744,1643.0003017650206,2453.9786404352485,1658.7667606520633,1689.390414619162,5165.957436146599
2025-04-06,41517.0057861156,544.2357479549851,2340.002273290729,50674.53218464757,41368.88591528566,1133.0528378350964,906.2754019700626,1753.2897033677905,7266.318029556745,4968.158396343505,2039.328239805159,4282.746453843505,685.4119425000001,41709.76139383162,544.2357479549853,2313.5550326649227,51849.27875170649,39396.206361166696,1093.4488347098707,3962.794406874389,5056.2432415842595,3395.380992751197,3478.2069316942025,1753.2897033677905,7396.829148955536
2025-04-07,41256.89367040888,643.4648733592188,2278.077849022381,48833.08030349134,37256.060972886,169.854132565584,2283.4054284866797,2181.683855173681,9123.759769553079,3026.428082906797,2453.259561052264,724.8302129231,2301.597869983697,41086.91032035909,643.4648733592187,2276.5481018842747,52840.908437378705,38810.362218474824,1400.0404634775664,3397.176888486529,4797.2173519640955,5055.328283722682,3200.727699011473,2181.683855173681,9233.328866939788
2025-04-08,43176.20117313377,911.6076996576602,3918.287031822274,51640.55455683607,42400.70212756963,1545.3862529305106,147.37511937862402,1821.1765041716876,7547.091056957305,5199.6713237789445,1692.7613723091347,5106.447745028945,93.22357874999932,42648.46760468376,911.60769965766,3947.8065682125653,49893.97234196454,38700.661036471196,769.3587645795071,2669.594943457758,3438.9537080372647,2763.2147223217526,2076.7346143215027,1821.1765041716872,7754.357597456074
2025-04-09,43249.31349636094,1261.162102564846,4358.583479487288,50233.71062640543,41485.40394682088,470.7183457026927,1819.085003963893,1670.9553761954382,6458.503329917963,3467.3179683798694,2289.8033496665857,1300.9125915740756,2166.405376805794,43393.091809284655,1261.1621025648456,4530.719081460182,51602.48915955037,38862.37272782448,382.9301664427061,5758.834309689693,6141.764476132399,1182.5955687593923,5502.041706857195,1670.955376195438,6598.351955593491
2025-04-10,43031.74022278735,734.7679123089945,3034.0992610737953,50748.66129378443,40815.52316353732,801.0357290454829,817.9812069613197,2032.5980183294228,8314.1211942403,3268.63405445548,1619.0169360068026,2175.8446778853213,1092.789376570159,42602.07392576499,734.7679123089945,3053.4015251155374,51842.05915976877,39548.672400649455,1022.5621202937825,2862.05767531291,3884.6197956066926,3530.067238148229,2329.3786596281448,2032.5980183294228,8408.766963512624
2025-04-11,17080.894442639594,817.4001491447309,3010.6595923770556,22049.04436747868,13362.373495114956,0.0,279.27207330152487,2208.219481544864,8407.3987990622,209.9736651507883,279.27207330152487,0.0,209.9736651507883,13366.30586556772,817.4001491447311,2486.1633255884344,18814.905946061634,10880.142539979286,449.9262602124793,669.8429342322746,1119.7691944447538,2635.4257511307137,712.349472650787,2208.219481544864,6814.994211637593
2025-04-12,16149.8376483914,672.3964017752949,2206.18494348653,20862.630737889973,14630.087713260902,274.7830445562851,237.71478946449727,1539.2666670909578,5720.045190608291,988.6969642854315,512.4978340207824,666.1158448881557,322.5811193972758,12098.438175929681,672.3964017752949,1742.9221239919548,16411.67858077257,10355.516051937724,332.69036548289773,1215.1862968523149,1547.8766623352126,1848.3811181682875,1490.565648749997,1539.2666670909575,4508.285866499629
2025-04-13,40476.783268215586,592.8542252996021,2469.6040940224593,46903.98732888833,38706.480338448135,294.2270684682728,818.7194472932446,1722.653525516908,7084.560474678679,1971.248216942382,1112.9465157615173,1145.7852186517334,825.4629982906486,40590.07100940778,592.8542252996024,2451.113207470425,49365.07268814004,38138.95780193736,791.3098494898245,3316.005313980786,4107.31516347061,2862.899574930972,2962.7320623304404,1722.6535255169083,7118.799722732065
2025-04-14,40152.277154713716,638.1782080349581,2306.2233817791616,52109.85491095408,41013.43573057871,2402.9231732832745,552.3240276328365,2155.859076564294,8141.1719794592545,8488.66658637307,2955.247200916111,7897.517440006444,591.1491463666246,39698.922580154045,638.1782080349581,2312.510997691683,48350.918907883824,37386.411582462366,1187.7574863465998,1552.935194970159,2740.692681316759,4754.243692834284,1312.270555227131,2155.859076564294,8223.814644104703
2025-04-15,40170.89148508072,418.78980532159517,1948.402285892635,45583.80090869854,35963.84209784477,20.466091188186837,1982.7137162857102,1812.2146285977608,7616.779003379881,1999.3308853181136,2003.179807473897,91.5474712499971,1907.7834140681164,39146.84398704873,418.7898053215951,1932.7701616623779,49103.643424591326,37214.07382538635,1378.033812201558,2944.919360556248,4322.953172757806,5726.18793723279,2704.5540029309077,1812.2146285977608,7566.616426447157
2025-04-16,40465.91323064407,791.0346532337285,2733.368561070148,50138.054732494136,39229.48160964188,503.49872109457897,1613.8961602701622,2296.0431366152475,8791.178241487518,3425.1910917235173,2117.394881364741,2056.4216949510983,1368.7693967724188,40714.97852165441,791.0346532337282,2740.806761913652,52058.5503607839,37974.171759740755,739.3352381767247,4575.506297285118,5314.841535461843,2623.9207318238427,4014.701916011735,2296.0431366152475,8769.537065581288
2025-04-17,39890.012113565404,425.5977812566106,1961.815832100146,47742.345370540774,36755.32182638778,157.4702109927501,2652.6679103509086,1996.515161372386,8176.885422809336,4044.936154322961,2810.138121343659,379.0650037500003,3665.8711505729607,39243.32989799291,425.59778125661046,1909.4298448269094,49811.33192516788,37333.900053166,955.428179754864,3277.1359542435944,4232.564133998459,3727.4778882262035,2778.1467896137956,1996.5151613723858,8244.867738003424
2025-04-18,15112.541760734028,530.4652861744452,1885.5655453554266,19746.520514611242,13371.009885391397,6.1581895002500255,170.55128100494528,1671.005235176812,6198.80115871465,172.57560929229714,176.7094705051953,14.576106250000056,157.99950304229708,11882.413687545066,530.4652861744453,1586.0231974941755,16596.653126489055,10296.39049005089,317.1066159250384,1075.7341376247764,1392.8407535498147,1751.671376564036,1202.1295987499986,1671.0052351768122,4907.4218828883495
2025-04-19,14737.387403146326,427.2640924019639,1323.4553654773076,20398.097082631637,13280.920886078773,0.0,1836.0626251617891,1518.6527584470439,5281.1135713910735,1855.6615672142177,1836.0626251617891,0.0,1855.6615672142177,11553.354680943157,427.26409240196386,1104.6852283445885,16450.524748657288,10448.66945259857,246.6977245173448,1500.9269518057768,1747.6246763231215,1454.3591689214882,2394.042392214218,1518.6527584470437,4254.230619735598
2025-04-20,37963.37079538481,285.69466221971845,722.8013428458861,46941.86605910858,37024.09216230248,104.78248411847619,1651.863912515549,2161.2277168180303,8161.127500172073,2187.967260539549,1756.6463966340252,449.51730638556927,1738.4499541539794,37569.15147666178,285.6946622197182,729.7219422122266,49611.98301103515,36839.42953444955,893.0515091215425,3649.7695118332617,4542.821020954804,3729.523833659378,3039.296892717227,2161.2277168180303,8229.732455630801
2025-04-21,39760.57411032601,793.6965333237556,2511.092248336845,53619.276965793404,38904.61893087355,2000.1966021242993,125.51395393987508,3262.9369670878295,12588.94747885569,7568.141561930093,2125.7105560641744,7501.314244430094,66.82731750000005,38885.92470653962,793.6965333237555,2530.853627616196,52693.01848856245,36355.071078923414,1711.345794782019,1885.6673626726729,3597.013157454692,8040.718741783044,1562.1795490789427,3281.2018060367564,12740.934252184345
2025-04-22,39245.740967137135,785.3600111698188,2751.0302517787745,45852.57012188765,35113.102484616116,0.0,3499.549104549359,1969.905720284209,7239.9185327221785,4056.190966984515,3499.549104549359,0.0,4056.190966984515,38952.22978877292,785.360011169819,2773.228805772066,47745.239200229655,36179.00098300086,760.3007115389858,3680.3996800148593,4440.700391553845,3062.1786472123035,3307.2089164593554,1969.9057202842096,7125.537825674957
2025-04-23,38174.8465142089,617.0122445636802,1867.0171411934307,46470.257302759026,34126.722018463945,0.0,4618.774638431572,2200.662141641155,7724.76064586351,5809.368433818655,4618.774638431572,0.0,5809.368433818655,38329.10939344086,617.0122445636803,1970.077519818583,48547.0259520641,36359.031873622276,773.5586472426811,3510.0182533656007,4283.576900608282,3071.0752115711593,3162.1191285260998,2200.662141641155,7904.41717783354
2025-04-24,38480.11621400121,537.6889939353649,2144.4286683993496,46294.13994779646,34979.006108341535,142.88758733191742,1545.264639381941,2443.284642109693,9626.981612741056,1985.345392445018,1688.1522267138585,643.3131843175524,1342.0322081274655,38095.347704807566,537.6889939353648,2148.4632593125925,50486.08299529354,35946.88444549497,1532.1792249308353,3359.88935501587,4892.0685799467055,6658.537154096097,2608.7629312499976,2443.284642109693,9647.129969851856
2025-04-25,14855.469409223708,564.1649245183075,2182.782673812765,20901.99744107182,13185.862947371752,225.9803034882401,84.46558188524918,2002.5698749761655,7405.68860832658,563.2896874090377,310.4458853734893,506.24340240903825,57.04628499999944,11429.933486305275,564.1649245183075,1840.8999957310184,16845.967590892444,9589.033490574257,356.2170271534276,1101.1072055120574,1457.324232665485,2198.390590814136,1166.9882293153169,2002.5698749761657,5799.609867652702
2025-04-26,16620.081989349183,1035.2157017029826,3961.7276403335163,21723.67392396872,13156.879715519884,0.6926553133749945,1489.076785470716,1942.4222777323662,7077.024767664745,1591.3626427904746,1489.769440784091,1.4192787499999895,1589.9433640404745,12659.295884998606,1035.2157017029826,2977.3125291818715,17724.809325886436,9681.983355816736,313.20857689745895,2138.7508515918184,2451.9594284892773,2107.473654430003,3092.9492496032676,1942.4222777323662,5590.866541580424
2025-04-27,38120.001452150005,1060.275365571184,3909.150670205382,45303.73857978851,34529.44355842408,15.356864360812516,3736.944118899477,1913.906541590397,7021.994038104143,4757.6998914912965,3752.3009832602893,72.86984750000005,4684.830043991296,37083.882241336134,1060.275365571184,3872.7210810905176,47145.10447866989,33211.161160245625,689.0265815653866,6279.390727608664,6968.41730917405,3354.3608319126583,6283.069135131594,1913.9065415903974,6965.526009250221
2025-04-28,46122.44235982107,3356.4882362636763,10880.872846260052,48766.874358604546,40027.92047913723,382.14932122590267,1832.079412964847,1821.6742952472785,6524.725145276565,3471.968819383441,2214.2287341907495,1290.6630402230207,2181.30577916042,47115.86602745505,3356.4882362636763,11856.160624694206,50806.97227823432,35259.70540276084,150.95479800475,8907.136047596809,9058.090845601559,612.62528375,8998.808965068347,1821.6742952472787,6489.176029871921
2025-04-29,36909.45517795077,309.422246293762,1273.1889760268732,43406.265441967735,35169.574394510135,59.26791497377262,1523.0301504340496,1744.8714706006554,6654.392982049778,1496.358521144416,1582.2980654078222,282.68823080490876,1213.6702903395073,35809.40739250286,309.4222462937621,1246.205645719494,45949.47380333263,34563.201746783365,1028.487818004735,3966.789743261776,4995.277561266511,4746.933519454826,3640.4187009109737,1744.8714706006556,6390.994495282748
2025-04-30,39012.67620851498,725.6001417120431,2758.4517763169006,46394.00978928477,33920.85522689383,280.37646505050026,1618.708702319646,2750.2622110601033,10574.06939502079,2895.9041391739725,1899.085167370146,653.5502250000005,2242.353914173972,38093.36525392876,725.600141712043,2691.7275670372164,47826.546209698645,35401.63768689154,1275.1821155096509,976.1189135747259,2251.3010290843768,5321.2313261421095,737.1528627932108,2750.2622110601023,10173.607493722735
2025-05-01,50493.840987758966,3158.780071614321,14406.43101046708,52485.40533904372,35246.2029456869,10.253912698874938,1527.1149429872175,3722.147915921881,15701.833537670722,2045.0357177905607,1537.3688556860925,35.86050375000002,2009.175214040561,50627.28330233483,3158.780071614321,14705.782258751371,55873.57868846527,35921.50104358345,898.6406373673809,3141.85587451107,4040.4965118784507,4050.3945486045877,2575.8073579259185,3722.1479159218807,15911.581133003368
2025-05-02,33942.96068602711,4842.389621335915,21266.009910959896,28450.433400794995,14055.799700059304,67.9131596796875,43.95540506400419,3471.1318541101205,14282.765135991998,177.79021500000277,111.86856474369168,148.10365499999995,29.686560000002828,27163.94383572961,4842.389621335915,16973.41241085946,24073.268596540438,10190.531424870147,162.85145882979478,1805.6385843880973,1968.4900432178922,876.8865673191269,1849.6321723824951,3471.1318541101205,11914.247128452396
2025-05-03,26300.11602238219,2814.438946192286,13403.71619378975,29316.251189226772,13322.584595164051,0.0,210.2003526558776,3594.005722619717,15783.466241406844,149.31357750000186,210.2003526558776,0.0,149.31357750000186,21595.664051451837,2814.438946192286,11415.585187668314,25038.310992208175,10180.078863783521,259.73145969143314,1340.6672404713593,1600.3987001627925,1475.14461726445,1367.7067843528828,3594.005722619717,13257.83342826186
2025-05-04,49134.82895477012,2723.3001132062054,12265.143079110125,59165.52345260999,36896.49426924216,1413.377945371327,168.78296637956262,4957.081296311648,20686.868271616935,5389.234245179301,1582.1609117508897,5299.369233929301,89.86501125000007,49782.03574050225,2723.300113206205,12483.16436759766,61131.18958233374,37298.87137290459,1891.4914655311063,1225.2250641575656,3116.716529688672,7660.884514689501,805.1273487500016,4957.081296311648,20715.601679740474
2025-05-05,51576.559538172325,3234.653213064908,14756.978644721199,55176.45662595566,37884.21790650794,771.1684533766067,1087.8729420227714,3690.6755340489876,15433.197324048335,3333.470301168925,1859.0413953993782,1887.5014836801756,1445.9688174887492,51867.54823045407,3234.6532130649084,14993.831863244575,54967.74291144937,36873.7163672095,516.8362875823741,1996.7998385474996,2513.6361261298734,2070.99113665427,1410.5673549999997,3690.6755340489876,15580.390418110008
2025-05-06,50591.98626049468,3409.34690057855,14732.691435552497,57379.44683854188,33410.70461577765,6.121072267750169,3806.2669478323824,4930.0205958993065,20156.3542026641,4886.850845092169,3812.3880201001325,13.169638750000388,4873.681206342169,51177.01101508801,3409.34690057855,15137.941246548273,63324.78120401719,36039.06976853973,1500.0789062398655,5229.084183966748,6729.163090206614,6892.8024700263195,4552.2890137957675,4930.0205958993065,20556.54834527085
2025-05-07,51667.44959053588,3386.437776366739,15621.910337664896,56058.34195969002,35414.3519887361,83.28055259199974,3670.29442550065,3986.2715335727053,16890.414992861264,5191.687945435351,3753.57497809265,200.43887999999947,4991.249065435351,52410.64853481792,3386.437776366739,15906.691091382047,60117.50748614228,36503.95744343587,980.2070986976601,5672.070999675043,6652.2780983727025,4334.505153013793,4892.88272539975,3986.271533572705,16961.271944333705
2025-05-08,50366.972683590655,3276.756145767584,14063.879459246813,56658.12411450504,37834.83086090445,442.23192188988867,1372.5748057863098,4045.9813920572487,17008.48652592439,3112.236061229436,1814.8067276761985,1872.7134482664542,1239.5226129629816,51050.39403937872,3276.756145767584,14357.115183855312,59217.687454868545,36693.27885552341,792.9070156980363,4636.206432012219,5429.113447710255,3021.068369929324,4565.2779822087105,4045.9813920572487,17095.295151634888
2025-05-09,23843.583763531653,2333.050493806979,11124.996544505273,27124.635581797804,12813.02473363377,31.192481674897063,1179.2866439139411,3066.927407145075,13101.131722575195,1288.7232015575273,1210.479125588838,79.07533670197903,1209.6478648555483,19434.538210537346,2333.050493806979,9303.441406957612,22835.692171231574,10131.096803579734,305.99933417669604,1558.6995433984273,1864.6988775751233,1828.3616191625588,2106.083698095269,3066.927407145075,10839.896490076719
2025-05-10,26519.549492927872,3058.7381063435855,13792.574795130271,28353.14005246215,12699.14015889544,1.049987509999984,838.5829182014913,3606.853229726628,14814.366987855217,624.959789939761,839.6329057114913,2.1516137499999672,622.8081761897611,21834.122040733266,3058.7381063435855,11762.195961449443,24004.869557811195,10071.926079283823,271.4653685226654,1323.4108566508855,1594.876225173551,1755.9636475925936,1366.1755213162637,3606.853229726628,12338.067253353818
2025-05-11,50525.19862927416,2850.2895697178137,13342.593897291961,56676.80459910276,36677.579859176214,337.63944684346876,1290.4752111143632,4298.007797160112,18371.11008196871,2443.886972700623,1628.114657957832,1447.2414235030944,996.6455491975282,51079.06347536307,2850.2895697178137,13545.026515579779,60493.12742187062,37534.03695978329,1307.8675812727574,3307.448471246329,4615.316052519087,5154.861444741208,2777.610488016772,4298.007797160112,18343.774409568236
2025-05-12,49987.71878164144,2928.9394683803594,13046.43810839609,53269.7057186864,32983.19906992034,0.0,4537.888930820305,3767.3041464643693,15748.617717945745,5291.560680047365,4537.888930820305,0.0,5291.560680047365,50890.55369572637,2928.9394683803594,13477.988350830195,57732.79140066773,37412.565344896175,1577.78196730331,3066.142350047631,4643.924317350941,6184.360979983606,2438.2064585941666,3767.3041464643693,15676.301738420621
2025-05-13,46466.05688538075,1894.8366098001961,9403.401998415993,57132.27005730466,37587.76206731387,1324.9173408745537,2017.665632244181,3680.258563576393,16201.925016872061,7132.842203642604,3342.582973118735,5381.767841623671,1751.074362018933,46537.425310304636,1894.8366098001961,9502.57828312158,57217.05310548698,37034.84702718306,1391.920097135058,2661.1428455628625,4053.0629426979203,5383.444193110747,2111.7373623802064,3680.258563576393,16129.143135606006
2025-05-14,48087.30605945097,2630.13912140277,12249.945513220384,55087.94479027083,37201.44619489675,953.4110498693869,1918.4142107705125,3602.2023184005766,15014.673334734178,5340.066518103697,2871.825260639899,2764.978854562396,2575.0876635413,47816.791162781854,2630.13912140277,12281.325951293275,54067.22537718552,35535.46521148857,675.4298649450093,3082.623896619144,3758.0537615641533,2904.2631291059356,2411.2907985967113,3602.2023184005766,14773.706404132789
2025-05-15,45109.18562686915,2197.3872967636426,9403.408788963427,52854.18431347392,37006.820330633615,705.3203985544453,2054.508096985866,3273.5531442311044,13087.535487299989,4731.198239350175,2759.8284955403115,1821.4551294909468,2909.7431098592288,45319.10495636368,2197.3872967636426,9547.211855755944,53995.7886688274,35771.89310060773,776.8327020016505,4364.969506453675,5141.802208455326,3416.0921794211417,3517.6571109230485,3273.5531442311044,13082.093359764345
2025-05-16,22136.559401693772,2259.9904539270387,9732.445730737963,26402.25296324347,12874.741978618022,203.8633794395884,190.14596566534485,3388.2024805119554,13133.501639520517,702.299868633881,394.00934510493323,450.50419613388016,251.79567250000082,18141.36323356331,2259.990453927039,8471.197048149315,22016.994869500013,9670.16618541399,332.1876229267972,1189.1712643428345,1521.3588872696319,2170.3768652424133,1329.606936139901,3388.2024805119554,10825.469796816391
2025-05-17,27948.122009299834,3434.9199924926825,15627.837709560346,28308.5526014044,12627.387722842814,61.1062750598188,207.66147701756398,3741.557945262325,15412.397126484204,288.3194812626751,268.7677520773828,147.98819626267408,140.331285000001,22801.459051748505,3434.9199924926825,13083.154506213295,24197.03966969609,9718.304545535211,331.21804603245107,1386.754078420066,1717.9721244525172,2130.5461939322727,1353.8295094948214,3741.557945262325,12760.762999708359
2025-05-18,48041.36335988555,3367.074108745748,12940.5627781748,54465.58739384015,38195.64395720187,690.4690714366573,280.56082763212544,3899.0092885378235,15298.913537569493,2651.5202940822196,971.0298990687827,2494.0870365822193,157.4332575000003,48429.244767772376,3367.074108745748,13302.559732750575,53822.0042238778,35126.6850350218,167.12861295092847,3362.742164715874,3529.8707776668025,741.8042132166389,3109.0193873525104,3899.0092885378235,15165.448411189198
2025-05-19,44977.71318846815,2060.6048610150997,10088.87710906608,52311.51547739799,34866.52567000236,444.76358065722025,1180.6161465154335,3599.787393183573,15819.610080222981,2951.28343383286,1625.3797271726537,1980.842976336778,970.4404574960818,44389.570501014256,2060.6048610151,10185.94076790784,53851.75312363787,34203.62973310641,991.9320340887411,3085.3558643965644,4077.2878984853055,5021.108636926298,2408.0084195833356,3599.787393183573,15570.835492046155
2025-05-20,47466.84772936748,2595.334739086054,11973.471252443564,54282.90740234308,35027.62601269872,46.625749964000136,3491.962171216003,3719.7575539269974,15716.693468464364,4097.982872728963,3538.587921180003,92.45084625000027,4005.5320264789625,47410.988321901736,2595.334739086054,12098.216619117302,56071.64826349143,35312.771702784434,695.723162064244,4642.219803791975,5337.942965856219,2827.16624004015,3912.2561570151925,3719.757553926998,15420.933594850772
2025-05-21,47912.26557226269,2780.951399515608,12415.2947914038,52360.23228085162,33397.33219981617,0.0,4846.868142268684,3526.915869678024,14116.031938766762,5892.850724818305,4846.868142268684,0.0,5892.850724818305,47952.753080821625,2780.9513995156076,12557.463369045978,56939.11807855609,35395.289711775644,1444.166848217072,6321.378536912911,7765.545385129983,6713.4207112461945,5827.0799150068415,3526.915869678024,13778.282981650455
2025-05-22,43024.79623199538,1680.6621215621417,7961.97651516105,48720.10916490755,35122.15485213191,204.69276454368736,1824.432540921298,2863.188617030808,11568.829007310662,2797.2807577927106,2029.1253054649853,453.6662774999997,2343.614480292711,42811.22286600789,1680.662121562142,8041.50425255391,50411.84699922438,34769.71861345399,769.4583529485924,3611.6139914777423,4381.072344426335,3493.871072478586,3149.9698236142603,2863.1886170308076,11261.056041344056
2025-05-23,21687.621886594436,2088.8102890447303,9479.789651185263,26376.326682799372,12331.808388675596,0.0,2044.8834064815867,2976.151358280896,11999.634887642187,2103.7098350616116,2044.8834064815867,0.0,2103.7098350616116,17612.168008080218,2088.81028904473,8039.575473750847,21352.97831062296,9572.592534329371,221.27834780364054,1957.5451963306011,2178.8235441342417,1528.6890752876377,2739.164920646168,2976.151358280896,9601.562232159344
2025-05-24,21736.13317024916,2143.2573598117865,9475.86769857362,27018.0614303763,12742.644530271778,131.49241726068755,751.44108081321,3330.2801296325947,13392.483402030623,1338.3704937500006,882.9334980738975,282.5586512500001,1055.8118425000005,17989.173521401626,2143.2573598117865,8151.1781792697375,22323.12153535623,9837.995342131886,255.8735153941864,1332.3181038829193,1588.1916192771057,1737.3511382603383,2057.009891857207,3330.2801296325947,10896.934573947236
2025-05-25,44797.16720084678,2113.4321174704123,10176.055360948223,50482.10738540732,34962.830887990705,407.59196714248384,879.7585069625627,3456.6035945969816,14231.92602331156,2466.207229245097,1287.3504741050465,1815.2004417450967,651.0067875000002,44701.516238335826,2113.4321174704123,10429.832941700732,51509.19189857895,34271.683296635085,663.2384268348986,2440.6817495286195,3103.9201763635183,3153.845422955981,1743.908031250001,3456.6035945969816,14133.588425580347
2025-05-26,49875.640224594434,3551.6173827228927,15389.429629200571,52760.64102382152,34739.68285245303,17.509223943812707,5688.052839206202,3046.9043372354645,12315.39610821848,7553.322441718498,5705.562063150015,38.35141000000044,7514.971031718497,49758.76316255536,3551.6173827228927,15609.277050705392,53383.03982444228,34149.48611184997,236.28329660289268,6854.13231508338,7090.415611686272,989.525915950685,6888.087412482257,3046.9043372354645,12143.138100906039
2025-05-27,44055.50745114624,2096.1336362735146,9434.69317169449,53625.95125510488,33076.84939162333,0.0,3791.4717389917705,4043.6725306005737,16757.630124489777,4966.763657962172,3791.4717389917705,0.0,4966.763657962172,43578.9800688628,2096.1336362735146,9518.70556207186,56779.99806201091,34060.27450679094,1162.3231959433,4917.790912755381,6080.114108698681,5340.494792460815,5143.115900966397,4043.6725306005737,16639.609446521285
2025-05-28,46223.45293910981,2915.462912620015,11474.372321534,49245.285056416615,36555.11925161812,76.65073552599907,1226.9061811734632,2896.478989270885,11386.608888099025,1304.6221946157254,1303.5569166994624,326.71905050944946,977.9031441062759,46595.97835850088,2915.4629126200152,11842.684565248544,50537.77154967418,34753.29379325233,187.99098671415805,4239.2147299876115,4427.205716701769,827.2964025330505,3580.953599653777,2896.478989270885,11357.272039720085
2025-05-29,45406.69593787181,1779.8438937762949,8674.741251021194,51183.846939311,36904.57338928647,166.18648533255163,2895.6618186087044,2743.6853612085733,11217.425246083276,4132.619809145883,3061.848303941256,609.901486299392,3522.7183228464905,45649.408726231304,1779.843893776295,8823.236459564452,52149.562630743814,36826.17226666686,352.4202484046384,3763.8591366114792,4116.279385016118,1637.6511059417003,3076.8426490993234,2743.6853612085733,11207.11097906084
2025-05-30,20544.809831631035,1854.8939652100516,7735.98914141119,23334.878317676325,13439.957763761286,0.0,552.627079210688,2451.7667886858094,9342.293474704351,374.3966700000004,552.627079210688,0.0,374.3966700000004,16380.97376042741,1854.8939652100516,6172.937690422232,19955.847424129424,10208.036070005179,295.87119941594074,1936.8110744131757,2232.6822738291166,1844.8084466786088,1901.889396940233,2451.7667886858094,7515.129080295128
2025-05-31,21063.27797088255,1851.3365748372612,8021.67791686424,25122.75240797123,14796.171270591776,532.7347691506147,246.19706563613067,2453.5711506217676,9547.64930259271,1384.6349328615747,778.9318347867454,1250.3871191115718,134.2478137500031,16566.298924423005,1851.3365748372612,6712.9866262267215,19130.633994129857,9853.312298196284,157.10565445654555,1313.271669033387,1470.3773234899327,972.8080945067335,1319.4252918300856,2453.5711506217676,7806.944372443642
2025-06-01,90653.63916127826,13797.338522503715,53945.159716294605,79016.74152521693,45587.07078014637,1658.7879817675393,1675.918900945561,7691.873477546253,30094.963862357465,5794.900542745975,3334.7068827131006,4451.206826495971,1343.6937162500044,100120.38313167295,13797.338522503716,60046.07308201573,85211.00889014258,40074.31004965721,368.22114775487506,12704.317990470172,13072.539138225047,1242.3611812500003,11478.586939905555,7691.873477546253,32064.15970226033
2025-06-02,82597.89181596796,10816.142007130744,44573.639461100334,82066.79869394358,46814.19312901495,2548.0422199635477,212.33776749918766,8034.276611957041,32492.2255774659,8532.987936544536,2760.3799874627352,8419.402007794535,113.58592875000011,89514.84491943126,10816.142007130744,48760.27160238908,83629.35534918892,40754.57331704217,486.19276469300587,8170.9133629744865,8657.106127667492,1811.097424825949,6035.530066287865,8034.276611957041,34217.675904479256
2025-06-03,73185.90157372068,8043.43112202558,32961.14163764827,71147.95174125643,42956.329057779,215.16145981761002,1309.1333635063743,6865.511799586713,26667.327860153433,1888.7768980583883,1524.2948233239842,683.6292137500004,1205.1476843083879,78626.57421600368,8043.43112202558,35349.78989267322,77582.30561304241,43276.784323330445,238.64776986671168,5662.892720381636,5901.540490248347,974.0710093148941,4703.749133146439,6865.511799586713,28403.98079946362
2025-06-04,72178.3119572738,7613.487668333822,29997.34615969452,81017.6319717837,49198.24113613532,3302.416145935777,232.62048868781295,7613.029197135658,28284.354201024784,10123.190982431799,3535.03663462359,9998.559226181798,124.63175625000031,78162.76234475261,7613.4876683338225,32503.360518428686,82795.86496593629,45659.40182632393,1399.217365699889,5348.741397230984,6747.9587629308735,3864.0719475845412,4208.255733884369,7613.029197135659,30388.504376681478
2025-06-05,74128.86511863217,8066.650949221123,31763.960665839488,71559.08578464433,42933.082826653364,109.65998884375003,2488.841698332588,6995.4756486338,26027.501270814617,2473.7966897839533,2598.501687176338,463.3268387500001,2010.4698510339529,80654.50928862032,8066.650949221122,34474.54588201402,79963.45650400974,46179.9634066063,595.4757165803634,5511.482861186751,6106.958577767114,1703.8838118250007,4020.6368691421394,6995.475648633799,27676.534519636323
2025-06-06,60790.88918171322,11218.957540411218,46791.64078729129,44748.38959053741,16649.07811914265,319.93374683930006,465.9356698315464,6980.639232192433,27313.442054723913,1306.7612105204566,785.8694166708465,745.3575252709145,561.4036852495421,53869.385130933515,11218.957540411218,41615.27505955298,40287.64785591133,12254.110071380535,219.99785001152384,3493.519313118346,3713.51716312987,1330.9645516830115,3549.89674712284,6980.639232192433,24320.020621400927
2025-06-07,48012.46425439741,7874.041311085532,33513.086710532254,43714.303149871565,18210.002196392947,79.05062835405806,842.7381937438131,6304.3387555009695,24582.512131380747,823.8350278115545,921.7888220978712,255.35454781155417,568.4804800000004,42189.84092996221,7874.041311085532,29561.40620244752,39656.15819393399,12628.434727514687,39.416283818812474,5107.195976855046,5146.612260673858,234.0534424999998,7217.879196844481,6304.3387555009695,21881.111205745445
2025-06-08,69483.6012112564,5586.14098610609,22888.534663192484,71041.63601181017,41958.021359354985,1057.4787713845285,2781.343445991061,6489.336308460991,25244.792435079595,6469.667952327656,3838.8222173755894,3948.735683439567,2520.932268888089,74420.0015100265,5586.140986106091,24525.40297944956,81529.00245969789,49894.59853057694,3196.0572150066955,1782.6903787520655,4978.747593758761,9585.892198971465,1099.6775250000014,6489.336308460992,26655.656335362182
2025-06-09,75604.47571496696,7159.4704804524445,30070.000766516197,78130.22311331994,47443.38065104757,1623.57935351893,191.97941194668692,7188.4941609521065,28871.283696806742,4753.149821064817,1815.558765465617,4636.462857314817,116.6869637499996,82351.28145116867,7159.4704804524445,32403.13378187468,86461.25209823839,49948.147669294005,1878.4956215468487,3938.4206178695304,5816.9162394163795,5551.061896875429,2572.29773625,7188.4941609521065,30696.18818952801
2025-06-10,73109.0301542579,7309.665862990472,29425.70899869648,71364.40213105275,43852.996787387914,85.55393857781243,2131.085871695082,6767.218356731299,25294.76553339194,2332.165882914635,2216.6398102728945,357.22056874999976,1974.9453141646354,79322.0052146999,7309.665862990472,31795.04978598959,81443.64242221526,47526.95542871029,1083.0848635985385,5911.131731557061,6994.2165951556,3381.5799832115235,4174.760597992301,6767.218356731299,26922.470398349356
2025-06-11,84715.178825185,9751.05908296309,41451.30591291351,76123.66068863557,47480.3674661282,633.3025813330498,3875.7458534877974,6270.709723475823,24134.244787686526,5347.189594822572,4509.048434820847,1573.56348887346,3773.6261059491117,92591.49688982413,9751.059082963091,45609.04791672117,82853.49988121065,46982.44897310296,168.19917402406253,9967.159384736082,10135.358558760145,611.20992125,7506.658520625242,6270.709723475824,25735.69234934754
2025-06-12,71153.69936177976,6231.753511981773,25544.840495354132,70615.93672865095,46164.2833516986,466.090477372937,1167.4117787948044,5890.867008321344,22818.15112078461,2359.4787052627184,1633.5022561677415,1159.6445416670404,1199.834163595678,77402.02413480965,6231.753511981773,27782.98355174334,79858.31728237159,49619.04058306632,1177.891256796277,4928.84521654183,6106.736473338107,3566.645443272683,3731.8734692592598,5890.867008321344,24132.540225967172
2025-06-13,40025.913993827635,5864.43237006594,24932.767322377353,37962.37966809858,15808.615009287494,51.15567020524979,1062.0275317377764,5346.496128938256,21040.581456868065,1421.374701354374,1113.1832019430262,126.75629918901447,1294.6184021653596,34958.91855082634,5864.43237006594,22030.5055677186,34021.89359068679,12928.41298310774,180.64773384701692,2179.336221158078,2359.9839550050947,1088.2915881238928,2431.069996154815,5346.496128938256,18733.49665257396
2025-06-14,39007.57768549672,6013.446645664562,23559.475135576307,39109.5107219638,16195.196045912424,383.80480517216847,156.83533187311113,6066.793581272969,22373.6745390061,1250.0203841217196,540.6401370452796,1164.6481853717214,85.37219874999823,34791.26947542121,6013.446645664561,21295.442955640847,35206.88904573081,13495.826519780367,365.7319208042104,1332.1360550851336,1697.867975889344,2264.0542860683163,1009.1519587500002,6066.793581272969,20013.194550061096
2025-06-15,63353.326098980724,4453.848184940478,17880.768728327574,66359.52338102831,43305.71415174564,230.79246153072305,4284.687965317553,4921.615111026971,18538.328802434396,5634.991737787268,4515.480426848276,578.5729216358047,5056.418816151463,68488.75638680057,4453.848184940478,19263.39926406647,72798.76129550533,49225.357122734094,833.5894825287376,3231.4667848327936,4065.0562673615314,2444.0718483532587,2311.9947654720354,4921.615111026971,19508.347905409708
2025-06-16,70114.3416047156,6115.190593240892,24959.842724111226,71002.93464671288,44863.60855255584,443.21647866890976,2984.7907655921035,5857.579409479509,22711.31884989603,4517.1223346023635,3428.0072442610135,1131.1495366358026,3385.972797966561,76195.42617767624,6115.190593240891,26743.748868403905,78298.37914487063,49451.67730927233,836.4804586139653,4226.674195677282,5063.154654291247,2220.7176450177926,3113.318990515795,5857.579409479509,23783.54718130705
2025-06-17,75245.93997827594,7363.96022731596,30073.058572079033,72652.90451479689,45978.58488480148,208.52716998159065,2836.939541903177,6172.502810686196,23628.852918110635,3815.248032630813,3045.466711884768,514.9339676697532,3300.31406496106,82969.8689553554,7363.96022731596,33649.1278831949,82742.8432316554,49320.7410721605,946.3296240702655,7199.911741713862,8146.241365784128,2916.283870895063,5652.639738713319,6172.502810686196,25275.860793710766
2025-06-18,67105.18790131564,5176.610671997079,21168.064807791456,69936.0801099336,46011.24062227473,511.2794786410615,2279.147491483034,5624.138532319361,21134.41251753478,3763.035577047488,2790.4269701240955,1379.1676789043204,2383.8678981431676,73167.67382775366,5176.61067199708,22779.5731917755,77707.89826679924,50388.10063597816,940.5429396235998,4214.817675734629,5155.360615358229,2808.8329374945197,3282.204028750002,5624.138532319361,22164.437015462845
2025-06-19,66129.53667863547,4872.636388326413,20054.77374649931,72634.61198572829,43611.841345199064,1042.2917064503413,3608.523473277804,6158.207521532575,24371.955460801073,6483.619390888474,4650.815179728145,3371.897792318293,3111.721598570182,71155.4721216299,4872.636388326412,21515.425803443344,79946.00941903645,49640.04631818655,1982.220396584492,2727.1406388898176,4709.36103547431,6210.906453052091,1843.7247411265437,6158.207521532575,25596.602065375595
2025-06-20,33489.24571309767,4560.40354375458,18307.034520255424,33938.444153606324,16139.398786820917,223.99539893237505,133.7001267886318,4743.940109277304,17441.349841064402,567.0360812499988,357.69552572100685,494.35169125000016,72.68438999999864,29347.355123518995,4560.40354375458,16352.212557596438,30281.405323402516,12995.142565922555,306.754039907271,1750.7424695527507,2057.4965094600216,1940.9111705583814,1418.0457765738047,4743.940109277304,15228.76624801994
2025-06-21,30766.609581060795,4195.054934004204,15425.911679925279,34383.53923376277,15889.572265722303,61.98857559755151,469.93822308772076,5030.908135314917,17962.04016935519,665.6001647102164,531.9267986852723,155.8260909602189,509.7740737499975,26965.84832464147,4195.054934004204,13809.99541074401,30378.41201015053,13155.852913897459,234.4028975671851,1554.397577590154,1788.8004751573392,1492.9478916867042,1569.4860497775749,5030.908135314917,15433.75862109573
2025-06-22,64179.2180962284,5276.426462561134,21220.15251293571,68350.92066504779,42381.66830115444,544.5385489273882,3273.683824727623,5834.836257553506,22151.029990238338,5087.241412950079,3818.222373655011,2246.105670617704,2841.1357423323752,69833.2106520593,5276.426462561134,23496.074518302346,76801.41000726738,46337.13613375694,1669.4199805119254,5865.954422260648,7535.374402772573,5451.631364064795,4560.684140325733,5834.836257553505,22928.899470737873
2025-06-23,64474.635596306674,5104.13976020917,21803.05224669121,64025.33765586058,43611.024746678835,267.1194738365011,1631.422399835907,4759.183937099909,18515.771035509348,2664.4605098782918,1898.5418736724082,768.8224953513857,1895.638014526906,69162.08302912684,5104.13976020917,23390.607695395185,70744.30196718319,45771.47533373165,801.8754801061589,4806.344109272075,5608.219589378234,2608.2340087494704,3476.679315570334,4759.18393709991,19364.60704407331
2025-06-24,82983.30758724452,10107.19872646702,40095.19795039385,71313.00972908118,50550.595484174366,907.7962689310075,1086.535145209864,5165.80956619859,18768.082830765947,3623.618819788734,1994.3314141408714,2677.1752490788595,946.4435707098747,92746.79567793015,10107.19872646702,45313.32187811346,79269.09441215049,47433.4737998167,113.59857049568737,11517.475068169788,11631.073638665475,495.78567499999946,9016.516909444363,5165.80956619859,20204.546973668308
2025-06-25,63384.825858843076,4840.700938607125,18973.069606366516,66244.67735225792,44577.008781031895,181.30907094696508,3714.7434052315357,4701.457432058809,17771.616095047524,3807.872255211145,3896.052476178501,453.16942496823015,3354.702830242915,68542.8352284484,4840.700938607125,20638.951519363956,71712.86105378218,47903.88370908444,353.8138176574997,4947.771201378286,5301.585019035785,1096.334262499999,3896.6734006088213,4701.45743205881,18507.392325661956
2025-06-26,61173.16236979028,3897.5903811905782,15280.36759953535,65328.94799606483,42887.09980623014,248.00347222108405,3583.925986604397,4911.627073978454,18609.918731009227,4698.102783905913,3831.929458825481,579.8415566989532,4118.26122720696,65061.0906744041,3897.5903811905782,16424.759669259147,71243.01099840022,48636.33100514495,1205.9080648441989,1995.9760119529205,3201.8840767971196,3539.88951154078,1284.7683565697864,4911.627073978454,19404.79591645814
2025-06-27,29377.198423748232,3575.8178555391387,14243.679666335649,33607.691897667544,17006.797132023476,515.0568642760742,215.74270820981374,4209.418942583965,15870.095193158182,1374.0874316764935,730.7995724858879,1258.5347104264927,115.55272125000067,25388.607938873985,3575.8178555391387,12584.721743666116,28072.99462137252,12803.88619520787,134.57682981339218,1585.3409341815511,1719.9177639949432,863.8065114197525,1312.0127689298336,4209.418942583965,13549.190662169709
2025-06-28,31517.4845874847,4385.488141141807,16226.87704817187,30925.11248364647,16484.045964937774,113.41656880106163,312.0674908212244,4137.036873925124,14015.58245908641,431.0607795712429,425.48405962228605,236.39378999999872,194.6669895712442,27315.70742785128,4385.488141141807,14132.804289052463,28065.683608640793,13182.90313879882,296.0810880499379,2338.428717376432,2634.50980542637,1740.3797353996988,2049.4497532225946,4137.0368739251235,12248.270664415604
2025-06-29,56522.3329337142,3081.487333232792,10869.289056895497,61455.62076472591,43815.75595882837,215.30534539619475,5004.434827309345,3257.0076601120463,12420.124633191996,5353.88265003281,5219.740172705539,669.4386005785791,4684.4440494542305,61789.14701858593,3081.4873332327916,12389.985430003342,68775.28138527581,49399.16158858259,1032.3521233472645,5365.977352182027,6398.329475529292,2995.1357692815413,4175.46411025817,3257.007660112046,12977.790321163935
2025-06-30,58021.42984238891,3235.410405474563,12211.322009288418,61384.50157084954,47779.014082570415,268.99189690362607,1020.324162994635,3378.4655834005034,12316.17142838086,1582.9592937893508,1289.316059898261,773.7227673456803,809.2365264436708,62124.54977803838,3235.410405474563,13209.950855555362,67830.46769203202,48914.59892248301,568.0906358932294,5321.894781536458,5889.985417429688,1721.8862208227106,4100.666289392649,3378.4655834005043,13025.88335211932
2025-07-01,84964.74721164608,10436.512117272412,37752.00257921174,88182.76857011417,42409.547140752205,3.256436337187565,2836.402483790582,12282.20790243864,42933.562509234194,3085.774964878473,2839.6589201277698,7.153593750000141,3078.6213711284736,100137.66768637166,10436.512117272412,45261.32051007865,109280.93145509352,54876.34717629299,2087.010416487927,1506.4125568711872,3593.4229733591146,6034.624138001961,819.8556074999997,12282.20790243864,50811.16130544142
2025-07-02,84569.60900286495,10593.729193755538,38633.21719723022,89353.9886375721,40466.98537059927,251.49125307878722,666.5274331654504,13073.408422469476,47968.98458072859,1344.7263808548882,918.0186862442376,570.7639690895066,773.9624117653814,99805.60656559927,10593.729193755538,46700.24641019159,114325.16106208252,53105.36015540769,3533.343162089448,1731.9384516553084,5265.281613744756,11816.272140657995,981.0837912499983,13073.408422469474,55954.51929293008
2025-07-03,95643.67754198702,13672.062746851596,52269.119454967935,89592.43512172095,44838.11005923991,215.36272671076372,1673.2817757220887,12077.932034460366,42865.68056004818,2379.741184071237,1888.6445024328525,567.1717875308678,1812.5693965403693,114365.00441343758,13672.062746851596,62939.877971642825,108067.64857512791,51425.12644179476,415.39844349563526,5139.319369904034,5554.7178133996695,1324.0685094792018,3560.647201377234,12077.932034460366,51087.80431993349
2025-07-04,65400.230940479436,13154.011247062386,49861.820823935544,61152.652695009085,16200.402913028973,27.249385895999925,418.516608510138,12478.323912326076,44506.483787573976,320.5972291529358,445.7659944061379,54.03084749999985,266.566381652936,65341.80044940909,13154.011247062386,50075.628748676136,62242.754118645185,15266.171700732959,252.56988872333886,1891.2238625143714,2143.7937512377102,1364.9115768022561,1431.9917341529322,12478.323912326076,44832.78866667452
2025-07-05,63631.99824543929,12694.750162900507,47720.111135981235,59798.290985630825,17000.802701520217,57.62353506468751,400.232177887166,11929.189948025134,42339.632571158756,370.7972526647893,457.85571295185355,112.49267625000002,258.3045764147893,61482.87273290914,12694.750162900506,46176.160252069065,58853.8587376762,15306.712480840077,181.22354056536687,2190.6944877946075,2371.9180283599744,1028.5902521396727,1679.6467459133041,11929.189948025134,41175.228228476146
2025-07-06,94966.50460427595,13279.83726480323,51033.05993147507,88575.18446351407,44183.64601220998,0.026690879687496862,6560.629137930473,10461.103877089634,37830.88262249393,7983.094378944136,6560.6558288101605,0.061906249999992724,7983.032472694136,113365.61999134037,13279.83726480323,61658.77972816879,106266.40626326398,51706.84026317158,462.6585962128861,9564.477620962278,10027.136217175164,1458.0088295031442,7189.726125342816,10461.103877089634,44532.42978291724
2025-07-07,77724.26237703163,9655.535159565348,33809.6331647444,87273.22332453704,44190.343633757315,445.08708614656587,623.9648201206892,11713.361633638498,42013.82778451246,1982.139060085662,1069.0519062672552,1503.6185825856608,478.5204775000014,91886.64277508229,9655.535159565348,40819.851868687445,104834.25294943246,51066.79090639484,1488.0243062107995,3933.9836070622664,5422.007913273066,5186.70601497819,2718.272951805552,11713.361633638497,48345.45412976455
2025-07-08,85851.59805865915,10825.39628083202,41769.8626650143,86939.94098633749,46466.10382130368,875.8600971343328,1557.003049893111,10450.100673658366,38040.97401800636,4911.178603148884,2432.863147027444,3575.0461095422324,1336.1324936066517,100890.84709574208,10825.39628083202,49569.73266282544,102755.60239388394,51321.114432916635,921.6015753206564,5661.954562123298,6583.556137443955,3422.9859305682526,3842.600983801402,10450.100673658366,44850.93182352334
2025-07-09,78506.45731608938,9150.815799949283,34217.42639519498,84000.91280239256,46094.8895361601,978.3016826520876,825.27465447075,9882.870409220475,36102.44692910962,3698.0509873155506,1803.5763371228377,3135.8493548155507,562.2016324999998,92329.6423195171,9150.815799949283,40910.6395949317,97305.46615621037,51419.002724585385,770.5558295005171,2986.483389771665,3757.039219272182,2659.4768653217934,2194.4821149241066,9882.870409220475,42129.42421235282
2025-07-10,78086.08398922795,9178.487426085314,34183.602966006634,80989.62770104746,43175.23918751578,148.67398447666898,1301.1769296312223,10118.531087778014,36364.5375994238,1941.2652724621157,1449.8509141078912,470.6759312480468,1470.589341214069,92281.15214187893,9178.487426085314,41369.16020875635,100148.06192386178,50911.99193312257,1507.2175238443858,4607.393120893482,6114.610644737868,5767.958174084069,3207.9064379454735,10118.531087778012,43121.45934600134
2025-07-11,57023.22211672283,11089.057015866165,39303.68788055482,54312.552311728636,19198.10715784158,409.62458454750583,201.21672061293913,9924.512103328889,34503.603848726605,1054.4958632830628,610.841305160445,947.154517033062,107.34134625000087,56332.046759000725,11089.057015866167,39001.71423929827,54001.21220454406,17330.332519702453,238.89740689112583,1670.3422444669516,1909.2396513580775,1206.1698807258558,1270.7985768160495,9924.512103328889,34761.640033483534
2025-07-12,56130.87024714709,10194.852984549056,38264.44977553847,52663.5614414398,18563.00722611638,0.0,1687.5524873568088,9277.925148227197,32413.00172796661,1646.6714108995086,1687.5524873568088,0.0,1646.6714108995086,54853.40166824208,10194.852984549054,37688.78276643258,52686.708552305085,17164.618901809496,301.8549443456051,3119.8398434654514,3421.6947878110564,1651.1108273822992,3114.7841120957237,9277.925148227197,32100.39486268453
2025-07-13,73641.53917784753,7606.035988294604,28931.606472156833,82421.81519475466,46723.606159332696,2202.8368656783755,191.78653984425026,9027.290334299712,33303.58562989933,6387.6685250840565,2394.623405522626,6262.150192584056,125.51833250000044,84829.78445845807,7606.035988294605,34444.699998060845,92966.12619879888,50385.084460397244,1835.7620282638466,2222.611372473995,4058.3734007378416,7353.91944979494,1368.9634533194785,9027.290334299712,38522.66833766381
2025-07-14,76073.98864220885,8399.5851300662,31640.057426937332,83598.34255836628,43335.302659657405,637.317526891092,1799.2923528321498,10280.046659944786,37826.43001898563,4263.701567935009,2436.6098797232416,2765.6230957969046,1498.0784721381044,88752.93657665516,8399.5851300662,37962.19574366614,99904.74525706007,50790.74083298903,1733.4641273037832,3469.717833076588,5203.181960380371,6541.210564973874,2345.2140831083784,10280.046659944786,43910.82246369068
2025-07-15,78569.30506508391,9729.061724139923,35434.553315848054,81029.3993092042,45307.92244892103,1224.674046386687,323.5003577752502,9220.966831629843,34173.30245612122,4684.126190785778,1548.1744041619372,4505.358190785778,178.76800000000014,91713.97598749457,9729.061724139923,41950.80233416788,92819.81632676987,49763.1736533267,1136.7887477557858,3158.2325872304477,4295.021334986233,4029.5178372790333,2142.248209377091,9220.966831629843,38761.62133845693
2025-07-16,77141.18523612061,9369.64717003966,34494.77896922328,79923.1567758587,44695.82070507872,666.3826739752085,993.2537546300532,9223.38180414072,33567.69964217473,3102.1494127301758,1659.6364286052617,1972.4875833787137,1129.661829351462,90698.73702149732,9369.64717003966,40955.890777935056,95169.92574726895,49742.846243562264,1124.098829000875,5665.354897212191,6789.453726213065,3989.607641149738,4081.731440522026,9223.38180414072,38637.62577749362
2025-07-17,80912.68895066614,9725.228831415154,37916.137628540244,80524.84648587326,43110.15127740256,64.81452842826641,2794.3889393534755,9493.625244779934,34555.491740688965,2797.5761448585736,2859.203467781742,281.9649227418462,2515.6112221167277,94260.2812902556,9725.228831415156,44615.88600941135,96010.29172951917,49644.395280844255,778.1070552751487,5456.869621199121,6234.97667647427,3036.59572694049,3873.44505394291,9493.625244779936,40130.91977220065
2025-07-18,49824.73376938954,8721.490494185866,31406.463087747416,48255.48339351718,20096.58972146345,591.033647569199,217.9259203798111,8012.6308200001395,27349.934104104723,1681.7276901942403,808.9595679490101,1565.472631444241,116.25505874999925,48107.80317346338,8721.490494185866,30723.896164778118,46129.4554293915,17383.90700868526,286.9951166457934,1735.266097166831,2022.2612138126244,1534.528420542988,1335.5612640639063,8012.6308200001395,26723.28720689362
2025-07-19,48255.30552737544,7978.97411864153,29697.602282100896,51571.49138345411,20592.676006412446,443.7792822317183,2125.5653659332247,8173.68409483965,28409.470728876713,3422.993895437915,2569.344648164943,1112.2642535233638,2310.729641914551,47287.730348331665,7978.97411864153,29648.539319752523,49917.82435061585,17639.19102857915,335.7352625430492,3902.379387900848,4238.1146504438975,1832.7823506395816,4475.046981053582,8173.68409483965,28040.518671592807
2025-07-20,69137.08977874843,6780.909508805995,24267.588540776756,76508.54733940173,46003.26587844921,572.8470418846347,1057.9991932308753,7896.752617120211,28874.435225837013,2975.0298706642698,1630.84623511551,2234.96525941427,740.0646112500003,80111.07660255565,6780.909508805995,28730.66956442091,88569.90418470697,51380.40703813474,874.4235100390066,3546.282430995653,4420.70594103466,2863.8325456899634,2722.8207084388678,7896.752617120211,32768.791205537585
2025-07-21,75077.72091704624,8132.706313639223,30123.346624140915,78240.85892976598,46843.463546118146,453.83616162649633,1171.051683610631,8191.7552603771765,29772.507538410708,2951.867700739738,1624.8878452371273,1866.637163072587,1085.2305376671509,88215.74548035186,8132.706313639223,35673.03749119195,94339.14791108327,52542.707989159906,1166.8557960024734,6301.453201721187,7468.3089977236605,3906.7201472543525,4699.157553220869,8191.7552603771765,34328.1309241997
2025-07-22,74501.2038595794,8049.232038885589,29890.19341096787,77283.6350012525,44774.87310985497,50.25192705381245,3306.8290322599983,8222.272764695694,29151.68093208374,4462.8558154824705,3357.0809593138106,98.21778124999992,4364.63803423247,87137.14734695744,8049.232038885588,35773.441217732805,90639.31742040176,51363.706129224636,464.0140995148019,5113.7645672760855,5577.778666790888,1606.6829348395197,4155.27340939485,8222.272764695692,33697.83262438623
2025-07-23,75849.10543760781,7934.208906677746,30888.448396086933,87850.98122874257,50991.88354299769,2703.314029655431,302.3811467463755,8963.412377116041,33853.40250934307,9619.75529277674,3005.6951764018067,9450.174160276738,169.5811325000003,87984.90818659213,7934.208906677746,36047.53112594449,97435.47329023795,51937.37706064763,1509.6457599703467,5662.099239375714,7171.744999346061,5334.282317579339,4089.8317205206795,8963.412377116043,38326.351230244254
2025-07-24,72551.41568564864,7364.344640179563,26951.095861861955,79893.53635714126,50526.0729498477,1989.3095708482429,199.35735879881273,7748.671685301533,27178.796477646498,6770.794848571195,2188.6669296470554,6664.651132321194,106.14371625000013,84840.87312775158,7364.344640179563,32004.49847846105,91236.2988486623,52836.374649290534,1377.6806323388387,6177.613776253937,7555.294408592776,5129.481334041365,4522.669564974127,7748.671685301533,30844.629790779
2025-07-25,41070.332576199085,5997.522544932262,21747.253951406732,46122.63754327087,19816.127833819744,105.94269772186115,266.4088008541868,7426.3156859018045,25934.158210875074,420.5730704122015,372.3514985760479,269.8998441622019,150.67322624999963,40168.60158452671,5997.522544932262,21880.87035104029,45231.98536458027,18287.731233486425,356.76674491490456,1731.197635676947,2087.9643805918513,2047.572732588147,1331.8586237510735,7426.3156859018045,24856.289750501994
2025-07-26,43607.11794376353,6667.7093349824245,24190.45506653237,45736.73014040233,19597.04271642352,0.9155994860000143,660.9178737800601,7183.204209802481,25477.85395071275,426.7984062499987,661.8334732660601,2.430580000000038,424.36782624999876,42569.79635783128,6667.7093349824245,24137.86444158705,45184.83282726734,18431.931916244233,261.6146262148241,1518.6899445742067,1780.3045707890308,1400.2933440049899,1194.6735248098114,7183.204209802481,24972.59634023408
2025-07-27,73359.81169408667,7528.277330765985,28274.105614398104,75657.03176142315,45725.312738460714,577.7315561889844,2790.7272298865255,7498.793281170161,26563.26023688693,4744.699656087336,3368.45878607551,2246.5509779348836,2498.1486781524527,84539.28843685455,7528.2773307659845,32569.675597059664,86415.90214843798,51969.61283979489,407.82827563411035,3497.683005392937,3905.5112810270475,1631.2429706417674,2497.204553708306,7498.793281170161,30540.77802761604
2025-07-28,78911.02880064622,9113.548242158844,33626.044022460235,78639.13757732682,47661.923935363055,223.72939499281986,1748.1036343205037,7882.512655077879,29005.380612650453,2225.9200372278083,1971.8330293133236,588.5655727191734,1637.354464508635,92225.16427974508,9113.548242158844,39712.70662030476,93331.2799559734,52512.45765944032,511.09117784820296,6924.507453486168,7435.598631334371,1772.8575969198482,5310.126146394167,7882.512655077879,33383.223665198704
2025-07-29,62308.6632712362,3199.0838671915126,11685.162660871945,68098.62122199869,49898.038484252385,7.856598370750077,5342.276330756469,3782.597733798577,12850.44980861909,5691.179731494166,5350.1329291272195,21.353461250000237,5669.826270244166,72825.08951371675,3199.0838671915126,14388.066971577038,79397.79251915927,58437.02254213972,313.7190724828327,5797.779231118713,6111.498303601546,1078.7101734717148,4481.915028612933,3782.597733798577,14849.271673417992
2025-07-30,61037.283824059334,2708.435363478964,9686.274625619146,67777.7180506094,46294.13825062908,0.0,8481.781363254657,3748.4362417212433,13001.798436725652,9591.306110501788,8481.781363254657,0.0,9591.306110501788,71452.02330910036,2708.435363478964,11577.268884683188,81006.30457610477,59874.75442441717,1261.1109727098153,5144.79172619603,6405.902698905846,3929.584789096848,3610.8819103877267,3748.4362417212437,14725.64745278174
2025-07-31,60777.49934475176,2533.6545188343125,9338.264799287661,67601.28519545363,48334.80188846462,0.0,4309.483693187657,4055.6241151879267,14956.99961380135,4466.979283567025,4309.483693187657,0.0,4466.979283567025,70382.76822458132,2533.654518834313,11312.388216183666,82054.76824712085,59070.38000839766,1455.6949345730734,4404.422606520848,5860.117541093921,4499.4071505766715,3102.032229146327,4055.6241151879267,17124.270697629265
2025-08-01,31706.67940500589,2878.7694319897355,9662.004601813827,38790.28922201344,22693.448030659623,420.71965328917247,1934.822794174364,4197.308735343515,13741.298743890278,3080.64534938703,2355.5424474635365,1001.6420014148475,2079.0033479721824,30716.435006314732,2878.7694319897355,9891.66814213149,36483.11287878113,20824.766864183235,467.66375093029495,2248.072378715299,2715.736129645594,2491.916978805162,2997.8230427062344,4197.308735343515,12942.609884952297
2025-08-02,29833.073576411887,2054.270272839199,7733.79120555583,35458.721782245855,23290.65991590154,315.8516714585255,234.54548148037523,3294.905719319854,11617.664713405415,961.4944570886781,550.3971529389007,834.026137088678,127.46832000000012,28664.60869772215,2054.270272839199,8058.009656314829,33592.98508717855,20606.599041407324,357.6566219831752,1912.5351475906878,2270.191769573863,1994.8793205779216,1663.2840862500002,3294.905719319854,10716.19427619737
2025-08-03,58387.6146780143,3164.4580036934203,11794.722805787478,65582.16426229564,43214.60944250834,53.5110904700245,529.7073436526044,5684.85617437141,21784.33638566466,828.3382273191393,583.2184341226289,260.2046704110114,568.1335569081278,66218.33370186403,3164.458003693421,14014.529467698309,80140.58180430712,52203.80423416573,2230.888504813052,1858.5085601812486,4089.3970649943003,9047.717713642152,1126.6988362499994,5684.85617437141,23847.3805051471
2025-08-04,54914.447473022825,2816.068564529795,9694.220947681144,62664.70815070328,46327.979967499574,881.6858871005203,1421.0251955355243,4138.733781475577,14034.017100567653,4212.084059424249,2302.7110826360445,2258.8269174691377,1953.2571419551114,62520.86665864183,2816.068564529795,11284.959297821833,71360.00196763038,51235.90736081999,1053.381279813807,3729.0883065210437,4782.469586334851,4305.272394786333,3029.8356502435427,4138.733781475577,15341.625020475523
2025-08-05,50741.8944208926,689.5205910004838,2058.613665752072,58632.87249021734,49027.20337312251,297.5574339435361,2376.042494926041,1927.6402633693383,6932.069188225254,3981.4588544453654,2673.599928869577,870.5440021230434,3110.914852322322,57560.60657590492,689.5205910004838,2496.598108260653,68393.36758002506,55064.00846764428,918.0972671578224,4974.715027916101,5892.812295073923,3594.7936156142246,4278.369090962638,1927.6402633693383,7436.546817306875
2025-08-06,54731.3303804448,1733.8826953279531,6320.105783577681,64377.10303987919,54223.56108696057,1399.4306085886042,1335.895605952288,2087.9891883548285,7418.215738377732,5275.992341830291,2735.326214540892,3501.0591051876954,1774.9332366425947,63219.496709986524,1733.8826953279531,7574.533838418216,74050.7077630453,55644.96287156831,875.7432787507191,9504.36520329826,10380.10848204898,3316.0911180191524,7341.828953451635,2087.989188354829,8025.636409428009
2025-08-07,51315.41280178871,910.3007105922666,2622.3604220372035,65795.18974973049,53236.93544336749,2403.7513749205245,1283.9008324160618,2507.5231585425227,8870.602099026413,10219.310180587396,3687.6522073365863,9289.470881837397,929.8392987499996,58183.524798911436,910.3007105922668,3352.4402021182323,70416.38909429399,54831.084596793204,1142.3687536706109,4729.038005721766,5871.406759392377,5033.403094001874,3538.457796569408,2507.5231585425227,9713.897738108402
2025-08-08,25396.045269467504,459.6585226548134,1629.2205908270107,30096.19961624969,24634.674837309787,55.22518524987502,408.4004829573306,1357.7181997280795,4997.899110732695,522.7054849999993,463.62566820720565,140.38170625000004,382.32377874999924,23689.03167331666,459.6585226548133,1647.3538361347973,28358.371138178267,22041.677837181862,235.85578883592387,1854.2556155754903,2090.1114044114142,1383.1161054052702,1799.1589424999984,1357.7181997280795,4226.581896584994
2025-08-09,25690.486470023192,568.0270213291041,1954.4222147325377,31421.110261769434,24709.852541679662,6.261792500124995,530.6574806525732,1683.174610619355,6174.338446937081,644.3878223743188,536.9192731526982,12.198784999999987,632.1890373743188,24155.905675125432,568.0270213291041,1888.8479945035128,30114.270490072544,22267.057680621918,292.9003923372616,2308.1017960401064,2601.002188377368,1701.2627228001716,2435.073832499994,1683.174610619355,5246.210621073258
2025-08-10,51036.02929186332,1081.8323977269813,3394.7432275340143,59815.48392665492,50755.61222294693,918.2969981271509,247.0994274897419,2176.8795408880796,7894.475278091102,2629.4224045660762,1165.3964256168929,2410.3337445653556,219.08866000072055,58591.007830365976,1081.8323977269813,3935.9776245935327,69721.51497582054,54655.03020577244,1080.3513434894664,5707.816393838726,6788.167737328193,4423.3130438509825,4770.326388200018,2176.8795408880796,8278.317032719911
2025-08-11,51016.79846436083,723.0737930227872,2360.4546202758474,57857.82619983142,48999.54066883674,19.76034465837491,2420.1637407068843,1860.896705759619,6418.3614456294235,2335.151960582303,2439.924085365259,92.47442749999959,2242.6775330823034,57032.358232790095,723.0737930227873,2952.8337614227385,66667.690608756,54079.524471367375,634.0175206906117,5077.130866032516,5711.148386723127,2470.88523764979,4118.648496413516,1860.8967057596192,6877.017750665516
2025-08-12,52256.405515180595,789.2428371604913,2812.366441361268,62377.48114907203,53279.132821515646,827.9850748069309,1142.0527432007627,2055.856066901918,7128.310509548698,3847.9677980549404,1970.0378180076937,2976.0637217432113,871.9040763117293,59911.680292030935,789.2428371604914,3388.543448617519,71551.50876469156,56523.136843413406,684.3855201398792,6983.273285675549,7667.658805815428,2583.7054852542537,5397.405663578306,2055.856066901918,7360.7131154627305
2025-08-13,52975.31616049439,854.8787169229655,3189.3905746313244,58066.843379491824,48843.74691442038,0.12207680099993239,2794.4872566866597,1759.336125002664,6428.4871315837845,2931.507355626377,2794.6093334876596,0.5237099999997099,2930.9836456263774,60438.40517591574,854.8787169229655,3924.6306439254695,67886.97239468011,56513.774531990275,792.8396773400225,3710.1761282246644,4503.015805564687,2895.665544623328,3130.2385726710672,1759.3361250026637,6870.182057125152
2025-08-14,53680.07798445194,910.4364342256432,3828.582618981117,60394.33563075957,50081.07317004083,373.68527206483077,3181.654154573444,1734.9203428422,6757.923034080461,5363.57994496411,3555.3394266382747,1031.9195720400771,4331.660372924033,60654.900202315286,910.4364342256436,4369.387239080212,69223.52257938891,56285.51296323507,666.2861263698071,4747.568948500677,5413.855074870484,2518.897530716558,3850.320412485047,1734.9203428422002,7524.154541283357
2025-08-15,25375.25817746712,436.57442051393986,1345.4952448504632,32105.12054691572,25869.25678868692,556.6905012187947,129.25185806437514,1646.653146185354,5549.921398945634,1404.3272292009106,685.9423592831698,1335.5097417009106,68.81748750000008,23915.96106859671,436.57442051393986,1297.1683536465248,29406.481686535975,22618.792714950185,289.7759437318439,1754.7585833071748,2044.5345270390187,1614.0766271708148,1590.9849389265196,1646.653146185354,4743.1544445467725
2025-08-16,26195.82720820729,525.9512876802038,2184.289940207571,36694.094796423735,26910.619563847336,1119.8238874040853,814.815612231828,2096.004096865195,7848.835732940484,3931.0261874496127,1934.6394996359134,2818.372828054671,1112.6533593949416,24945.784790955237,525.9512876802038,2307.64619812447,32293.26525244466,22638.13859283077,484.5697498587396,2461.0997809480205,2945.66953080676,2423.2971027721173,3051.6288027560813,2096.004096865195,6709.457128807131
2025-08-17,51300.466428037886,593.5672623198699,2378.532129688004,60198.98629121935,51196.31132140312,947.5587782288862,987.9639434096257,1857.8257849571537,7067.15224817772,4576.569811926009,1935.522721638512,3889.565166926008,687.0046450000004,57730.26092080096,593.5672623198701,2872.686185994925,67428.60605097483,54857.57473480603,754.0644107186206,4183.22788816549,4937.292298884111,3371.0915062812082,3411.6752537962984,1857.825784957154,7633.739017284694
2025-08-18,50904.15091758953,609.5725270760129,2335.6689047977243,57819.5625573407,50765.810079238465,360.4163788909697,471.7067590666809,1731.1849425470477,6221.629340144584,1482.649644645302,832.1231379576507,897.0714288982566,585.5782157470453,57883.352180028414,609.572527076013,2857.5778823868222,66920.5861474336,55025.77429764159,513.2684733912345,4463.758230366536,4977.0267037577705,1988.8657363260613,3487.681893130166,1731.1849425470477,6917.785146034244
2025-08-19,51459.33705697235,446.5366531914507,1933.6170726119535,59294.091050382005,50499.417653799086,78.84392890049975,730.0054942897377,2022.481653450288,7985.823973392676,886.6041740756482,808.8494231902375,204.70555624999952,681.8986178256487,58597.94706254395,446.5366531914508,2353.189152793355,70813.9771513852,56244.7579097506,1014.2037725135119,5080.1175236138115,6094.321296127324,3972.8180749880275,4356.725604662697,2022.481653450288,8474.897945507288
2025-08-20,55133.93723195356,1361.81442082943,5605.891554949759,61069.575339471165,54944.89722627634,1055.3828894333622,1005.2950406558781,1109.7149401621857,4064.000183105579,4108.524699997773,2060.6779300892404,3324.327642430056,784.1970575677155,62913.97363807327,1361.8144208294304,6139.108524752392,68037.77176474444,56774.86511332087,100.18661549918752,6646.628950652593,6746.81556615178,402.5573300000001,5926.432240699154,1109.714940162186,4516.091085271792
2025-08-21,51427.69927906282,296.36413267083265,1195.5695655137438,58073.634038038785,52425.79235763874,919.8360984929741,511.1975210600156,1188.6079182186506,4216.808060847062,3787.6489725208494,1431.0336195529896,3366.8350951801795,420.8138773406701,58108.760970524505,296.36413267083253,1379.1653921959019,66229.01327642237,56729.59557832861,1010.9597266982603,4116.3242814473715,5127.284008145632,3713.559217068823,3251.866852199008,1188.6079182186506,4372.133689948125
2025-08-22,27028.046644462607,756.1414707516457,2762.197437531271,35128.9295089277,25928.528927939413,443.2246861687197,996.8690397940418,2141.7058204947466,7760.30685502553,2478.5746521793826,1440.0937259627615,1124.0970328502872,1354.477619329095,25899.87774516769,756.1414707516457,2873.677497348207,32550.235531261384,23026.200247819485,405.45949680952276,2484.88335619401,2890.3428530035326,2200.227787783416,3332.6770038361647,2141.7058204947466,6633.692430438368
2025-08-23,25316.443862926662,331.20999995387336,1101.272681941461,32806.74481748768,24787.155665841594,0.0,2640.870862029793,1497.081320673876,5378.718289616294,2724.591070000002,2640.870862029793,0.0,2724.591070000002,23544.295661546425,331.2099999538733,1088.033679946779,30262.18793978663,22456.261981599644,245.9416701609926,3075.2217665350354,3321.163436696028,1364.5006187294853,4060.5252979502175,1497.081320673876,4484.762521490957
2025-08-24,51720.48530104325,337.8285464739198,1252.7461317262728,58900.662104080526,50876.83754367245,219.93306249606175,593.7269575377649,1857.7917163146608,7210.164540374253,1171.441812850304,813.6600200338266,572.2803591180525,599.1614537322515,58384.51338902721,337.8285464739198,1452.9023401628533,71921.98863968713,56931.61104886436,1581.9831991565923,5890.9551358985955,7472.938335055188,6805.608752288904,4630.363516040169,1857.7917163146608,7517.439255767593
2025-08-25,52486.6608239269,556.0070057827502,1779.1858039826598,74000.25876497613,62956.65762676348,4548.450974983694,119.43840179774989,1707.9521918358387,6375.711761431205,14157.165774680281,4667.889376781444,14093.573259680283,63.592514999999935,59635.80274725483,556.0070057827504,2007.8443448069388,72032.28656769254,57627.9584024479,569.7835953864769,7223.08580948905,7792.869404875527,2080.3251944124077,6023.710510123259,1707.952191835839,6611.458760369122
2025-08-26,52496.04339515892,119.9588407900917,301.1998037304029,59332.40200679111,51877.061155384705,286.921582898388,1445.0731545945494,1385.0270399048868,5723.346113913469,2662.7316464969126,1731.9947374929375,709.460390030866,1953.2712564660467,58460.03539205648,119.9588407900917,350.7650082503242,69795.74927733987,58109.27038380615,1306.44069019235,4534.940431154051,5841.381121346401,5128.378549386263,3414.851166226448,1385.0270399048868,5845.097772187309
2025-08-27,52398.386208484495,170.5930344526769,708.6662781043441,61083.82825922043,52140.69077035759,156.53783936191653,4480.001570393195,1074.4717283938614,4306.598079107717,5293.41728236708,4636.539409755112,476.8789964706929,4816.538285896387,58716.32436924757,170.59303445267713,782.3751871273727,69009.8289078978,57933.94918212021,375.2295668562866,6214.601054520985,6589.830621377271,1307.6365585126234,5379.9547249435045,1074.4717283938614,4486.049104400308
2025-08-28,59061.2569317512,1674.2149335866075,6644.7580044011065,61839.71040138212,50729.425401108005,0.0,4964.292085647138,1555.8478939465315,6145.992914626968,4862.488132053708,4964.292085647138,0.0,4862.488132053708,67492.54024097508,1674.2149335866075,8359.408939288485,70064.38672157425,59133.13130168659,384.78592207448804,3915.673181754863,4300.459103829351,1182.6575953159631,3134.9323976957685,1555.8478939465317,6630.796316058308
2025-08-29,26386.052943409923,199.30655398148076,767.1248137633154,33389.12421952968,27450.29258795887,353.5096919294249,559.1422942764158,1295.0710118719762,5026.1796453649695,1700.5566347112049,912.6519862058407,915.2230084184246,785.3336262927804,24538.941081288805,199.30655398148076,752.0211349249843,30448.10714565981,23786.919946363818,227.953380212019,2218.0282675209214,2445.9816477329405,1226.6740621770828,2682.4753823147344,1295.0710118719762,4215.20555156305
2025-08-30,26444.823582676545,284.7508067833596,894.9483517097249,31815.085284026387,26944.365528452043,419.2096824786703,97.53109168274999,1207.726566680502,4353.978981412925,1264.0087872938873,516.7407741614203,1211.6145447938873,52.39424249999996,24820.13987103998,284.75080678335974,946.3816352248674,29726.5471304113,23873.758235815112,384.6372559761685,1790.8136696347397,2175.450925610908,2003.0484798549294,1712.9230790781094,1207.7265666805022,3677.337968985282
2025-08-31,52469.17710082133,138.53789096771004,480.47464521808166,61378.329368281265,51376.18958694766,442.4717455134063,2846.6057808892824,1697.933865318662,6713.062254930912,5133.042942510679,3289.077526402689,1210.21637165224,3922.8265708584386,58372.47966516243,138.53789096770993,527.587545770974,69537.12090424802,57844.89211939145,991.163724848396,3737.9657332449165,4729.129458093313,3249.990418464588,2947.2576527139518,1697.933865318662,6963.0993267632475
2025-09-01,51808.023364816836,0.0,0.0,61860.83279568605,56354.605066093034,2001.6696751806116,449.8442696941878,725.379610787774,3054.713784718223,7099.077674883284,2451.5139448747996,6759.309496133284,339.7681787500003,52089.48798483734,0.0,0.0,59312.52175628562,52089.48798483734,706.7315494250308,3460.4580018189877,4167.189551244019,2659.278804100472,2980.733825064797,725.379610787774,3055.844220204258
2025-09-02,50821.42744267105,0.0,0.0,56494.92235125949,50530.24372555152,84.24910313689357,2524.3121887906163,796.2731563368186,3356.117333780463,3074.030904108268,2608.56129192751,370.24435568839186,2703.786548419876,50993.135399137245,0.0,0.0,57739.69408101621,50993.13539913724,356.3449065534634,3021.832757456433,3378.177664009896,1623.3184929159909,2539.439824127813,796.2731563368186,3368.381017869071
2025-09-03,51229.24744501918,0.0,0.0,59617.12876165676,53652.906133020515,711.7638005725944,687.4875314195633,1098.5143313031772,4564.971296644082,3239.916318754008,1399.2513319921577,2688.559590004007,551.3567287500008,52588.71346757489,0.0,0.0,63969.03424312617,52588.7134675749,1086.7602013975886,5786.595216295548,6873.355417693137,4333.29864345119,4646.050141882371,1098.5143313031772,4506.965357858135
2025-09-04,51016.45812643586,16.064387340032226,93.30999386457718,59323.11529669229,52871.06145004484,908.960939255125,198.36468260399997,1183.8543260852794,5344.728224788319,2943.5525974691354,1107.325621859125,2776.9771299691347,166.57546750000006,51564.33888629843,16.064387340032226,95.88029583898233,63373.401847796405,51468.45859045946,1445.6959469669118,4962.452302913358,6408.14824988027,5884.0124758871025,4017.972276095693,1183.8543260852794,5496.795007456682
2025-09-05,25655.394741565222,7.49365533818434,32.81471672590923,30397.67296257705,26345.11349017332,449.60488721866403,180.58972990612486,786.30787974181,3422.3648552789423,1279.2497632710306,630.1946171247889,1038.0078857710307,241.24187749999953,20736.42170739314,7.49365533818434,27.610373093540197,24759.724918983295,20708.8113342996,351.98283759917,890.6074689667479,1242.590306565918,2083.9600488295746,1071.0995124999972,786.30787974181,2808.323278117772
2025-09-06,25405.251130439454,2.593849999999975,8.947485574999913,29849.626028699546,25981.5162539156,220.6698928194075,258.98078623863637,820.9302757285429,3388.4590957259,822.2040939051809,479.65067905804386,522.3765370901206,299.8275568150603,20642.571126501076,2.593849999999975,6.297867799999939,24588.015365607855,20636.273258701076,279.87803353102515,1057.497415075022,1337.375448606047,1748.1635979506937,1254.1289855650612,820.9302757285429,2614.3666583007325
2025-09-07,50558.414639942275,0.0,0.0,58252.98176785896,50915.146946691624,15.763748454637483,3039.588044763054,992.9707029572795,4282.483027949642,3966.8181161955563,3055.3517932176915,69.27597650906387,3897.5421396864926,50839.384222827975,0.0,0.0,60673.44384923946,50839.38422282798,487.9026935591483,4970.3161141952105,5458.218807754359,1761.6007481330962,4755.423787969808,992.9707029572795,4375.84081865712
2025-09-08,51639.87944037219,107.43124667240778,410.89538493137326,62136.73347999457,55508.14574505387,783.5191351975229,2532.508825087023,785.3784728986809,3312.5597746561543,4814.804014793571,3316.0279602845458,2638.6452481052993,2176.1587666882715,52751.6104099136,107.43124667240778,446.5486860930754,66110.1233786438,52305.061723820516,725.2272909148714,9610.601856769274,10335.829147684144,2537.8562334458366,7753.132814676659,785.3784728986809,3469.232507139116
2025-09-09,51468.28460935052,0.0,0.0,57727.384348344705,49257.8570767586,29.437758950019298,3192.489762976561,1199.7725504392752,5247.599749659531,3349.1027973468745,3221.92752192658,129.36831004183387,3219.7344873050406,51828.931580458295,0.0,0.0,64443.54963588797,51828.93158045829,1728.723583348266,5614.8545518902565,7343.578135238522,6808.143173592419,4495.465472978593,1199.7725504392752,5271.039920191154
2025-09-10,53101.9243119155,138.86633774615433,603.4360870741527,63268.600350171604,56048.194827822874,866.2304359636037,1731.869766139301,1095.0070277673053,4622.305320245823,4381.179829261164,2598.1002021029044,2884.4383629494355,1496.7414663117283,54755.38373595693,138.8663377461544,604.4835715812262,65151.6171866827,54150.90016437571,397.3062190279635,5889.0614277730765,6286.36764680104,1213.809621546066,4943.462127038847,1095.0070277673053,4714.349375505971
2025-09-11,54116.160699998145,64.4185849638838,348.03631056457147,63752.620544769496,55939.6515571551,2532.7145647941456,149.08459319195657,1139.4776187335788,5131.1698296283,8503.022250442424,2681.7991579861023,8350.008935279606,153.01331516281715,54351.588892360975,64.4185849638838,369.98667173659493,63665.30551691885,53981.60222062439,1987.6078811062096,2412.0848900206865,4399.692771126896,7303.410753294327,1729.348903749999,1139.4776187335788,5284.010525167579
2025-09-12,25411.01905601038,0.0,0.0,31858.167472728142,26529.63317035866,0.0,1930.2078421728136,804.5383825172597,3398.326460196672,2274.7769553163785,1930.2078421728136,0.0,2274.7769553163785,20593.62961246669,0.0,0.0,26389.450734812526,20593.629612466695,218.7613851313174,2894.3821710634516,3113.143556194769,1285.64324887025,4252.757373750009,804.5383825172597,2682.6775661510624
2025-09-13,25492.142574018693,0.0,0.0,29262.805254618943,26227.8746060435,33.282213766937616,192.8601132953408,655.6294124401236,2808.788321513165,231.3571299642669,226.1423270622784,72.74473625000024,158.61239371426666,20745.337287262846,0.0,0.0,25012.443431593543,20745.337287262846,300.779106128501,1774.3211207577663,2075.100226886267,1752.7209636383984,1839.0747161900572,655.6294124401236,2192.005917444431
2025-09-14,52106.12435299785,114.59155504786963,408.87038115849714,62701.191390762746,58566.53308123472,1720.0772174609237,99.90371566124946,535.0960143811434,2314.6773764058553,4884.084758513595,1819.9809331221732,4805.498133513595,78.58662499999964,53464.8812825964,114.59155504786963,412.5554290099549,62584.96817787993,53052.325853586444,437.57177637410143,6739.7453877241405,7177.317164098242,1380.604432223168,6425.087029741773,535.0960143811434,2355.325160195244
2025-09-15,52654.05620827466,0.0,0.0,59458.16770024433,50141.66218155177,0.0,1921.0003554428147,1641.0840290065757,7395.505163249749,2261.494940349633,1921.0003554428147,0.0,2261.494940349633,53485.2923937933,0.0,0.0,67561.33474485317,53485.292393793294,1872.7644276315405,4536.619034587074,6409.383462218614,6954.96364824013,3613.14169506497,1641.0840290065757,7666.658888841264
2025-09-16,52296.729303010885,230.0680652956933,577.6634890708788,63273.01042220451,57926.522081115385,1843.046376531398,172.7988092191883,782.2795040058643,3330.643155338532,5601.515441945308,2015.8451857505863,5480.943470695307,120.5719712500005,54144.83329354842,230.0680652956933,591.4171060128604,63656.81793526922,53553.416187535564,620.7705472018688,5980.029868376699,6600.8004155785675,1620.8617670118965,5925.451441515308,782.2795040058643,3502.601332155081
2025-09-17,53711.21794398094,104.59014245456534,505.0912201901547,61780.02359404542,56080.24243803222,1148.1942526114365,444.3377292994719,977.905820674468,4107.249174102292,3457.078864277423,1592.5319819109084,2958.0600482333816,499.0188160440407,54903.03948944928,104.59014245456534,513.7760210457875,62950.98180444202,54389.2634684035,716.2649668940658,3627.5257111706005,4343.790678064666,2183.967534833095,2738.9871722370253,977.905820674468,4217.927657973865
2025-09-18,52977.674214421146,0.0,0.0,60392.749080440706,51051.25793185517,30.275610339562768,5886.03536309274,793.940180073864,3425.180175153223,7150.598393106414,5916.310973432303,76.02420000000063,7074.574193106413,53548.76608461958,0.0,0.0,62263.081980743984,53548.76608461958,519.4899446644038,4620.497493618617,5139.987438283021,1574.5412735192388,4183.549816889122,793.9401800738638,3574.328457841388
2025-09-19,25588.372093529902,0.0,0.0,30417.750072530584,26961.028164382566,166.08000212399995,83.31020922783232,730.6155752889483,3207.3316967961846,489.6030758819701,249.39021135183225,403.1134512499999,86.4896246319702,20863.194779679456,0.0,0.0,26012.994985075195,20863.194779679456,310.10813855296976,2145.20023403625,2455.3083725892197,1894.3024898244728,2296.810834980048,730.6155752889483,2694.4918328065164
2025-09-20,25622.65582548912,0.0,0.0,31109.729212796225,27097.451050638738,321.2451071849288,61.2514128450802,862.7885108191213,3629.7816421274806,866.5880769275598,382.49652003000904,814.1293703054661,52.45870662209369,20523.885811678094,0.0,0.0,25561.449957985627,20523.885811678094,258.264598970006,1797.1478951783513,2055.4124941483574,1574.4935711769842,1853.6356470114065,862.7885108191213,2982.1516521591775
2025-09-21,54480.25969943305,0.0,0.0,60154.956203916845,55075.0451612178,694.955264481894,572.6517696318751,844.5916642130835,3812.3040085852786,2685.040537632698,1267.6070341137693,1895.3862976326982,789.6542400000001,56247.72797701992,0.0,0.0,65000.928705476865,56247.72797701991,1248.6328620053805,3521.8105007079366,4770.443362713317,3491.1281541484336,3184.310713749999,844.5916642130835,3982.7573657436296
2025-09-22,54597.33914097048,0.0,0.0,64180.89537276411,57813.26786951826,2204.1370904278565,0.0,899.216638448802,4163.490412817997,6363.525565041788,2204.1370904278565,6363.525565041788,0.0,56823.712715013986,0.0,0.0,66797.26615844421,56823.712715013986,1824.3507427299762,3834.4515313690154,5658.802274098992,5284.533246608439,2945.5617084542228,899.216638448802,4314.751169331223
2025-09-23,53645.520672660896,0.0,0.0,62003.326712999304,56686.72610422562,791.2088958717659,4.206949840500007,1035.583495033399,4521.184763061433,2135.3301223336957,795.4158457122659,2131.6044173336954,3.725705000000005,55188.44756925966,0.0,0.0,65950.09843830965,55188.44756925965,863.8600178565014,5131.506673130883,5995.366690987385,2308.8947601343393,4038.667251804392,1035.583495033399,4766.284178062619
2025-09-24,53436.904953306206,0.4009563471817046,2.1749877052871565,59751.18619546604,50272.47010009947,4.185496315894569,4814.307597357479,1066.1805226952804,4660.223001693202,5775.984103294915,4818.493093673374,11.34669717986543,5764.637406115049,54915.11793160786,0.4009563471817046,2.334568331465475,63339.26655200213,54912.783363276394,872.4258811382183,2693.503035649614,3565.9289167878323,2255.574649230409,2120.6751683182156,1066.1805226952804,4860.554271937901
2025-09-25,54317.732759207094,0.0,0.0,60485.996299788356,54307.9843407966,45.43990343618733,2943.69100130222,736.2735563496607,3188.8810542533474,2819.3093595221253,2989.130904738407,107.86477499999967,2711.444584522126,55914.59443690869,0.0,0.0,65338.37174368638,55914.59443690869,778.6130390657414,5230.025562061611,6008.638601127353,1961.852167225643,4441.650126237022,736.2735563496607,3415.1387056503445
2025-09-26,25687.518230228696,0.0,0.0,31093.690133881875,27551.486168372743,691.262671638082,0.0,657.8691782757963,2850.941293871053,1919.5846455052672,691.262671638082,1919.5846455052672,0.0,20466.91207537173,0.0,0.0,24677.68515855605,20466.91207537173,319.9103775834848,1484.00646387841,1803.9168414618948,1964.9177295349816,1606.8396573129894,657.8691782757963,2406.856241722422
2025-09-27,26011.915411775743,14.919977315224287,62.977224247561715,30799.08107367394,26617.741707255882,0.0,619.3777843983139,839.1687483569315,3561.9615820197478,556.2165563520216,619.3777843983139,0.0,556.2165563520216,21486.093638051978,14.919977315224287,53.376218845214886,26999.346126487213,21432.71741920676,337.7153575277251,2203.176431039746,2540.8917885674714,1909.889659705477,2414.136203142806,839.1687483569315,3025.7369187129816
2025-09-28,54578.40729755295,0.0,0.0,61363.039544312094,54299.264280397736,11.943372220187447,4069.83210799005,694.633808892487,2981.999783704115,4332.577818345243,4081.7754802102377,26.03742499999987,4306.5403933452435,56935.45588023562,0.0,0.0,65127.56300911518,56935.45588023562,303.10887870409687,4726.283785690169,5029.392664394266,735.2729745419953,4309.082414455191,694.633808892487,3162.7144644853024
2025-09-29,51331.03050421677,59.097701743746256,221.82538811616885,64066.48631983943,51921.0850632409,1495.0634841153255,29.24989783800029,2363.7513428749194,10621.087874645196,4650.696924848073,1524.313381953326,4606.772204848073,43.924720000000434,53284.58833498624,59.097701743746256,242.10153391618212,69009.94724479708,53042.48680107006,1988.5107465156261,2666.6460649926094,4655.1568115082355,5761.7615783376,1999.2293947845797,2363.7513428749194,11312.303632218776
2025-09-30,51341.73669141085,74.18272397204908,279.34975666140633,61925.80198148753,51692.33102362769,504.32739348584937,2794.062802198646,1553.0478109198743,6935.080762175348,4543.332261571908,3298.390195684495,1289.2226183749983,3254.1096431969095,53130.22741406305,74.18272397204908,312.0144534105848,67441.09404694094,52818.21296065246,1157.4230494630194,5920.042287571811,7077.465337034831,2960.4540736282597,4382.7285652616065,1553.0478109198743,7545.415749253652
2025-10-01,50937.90696572856,25.597516631225062,55.853781289333085,56709.82835588317,48699.65446854747,798.382783185275,65.2660407697502,1637.0300380289307,7146.5250633806645,2890.409590601847,863.6488239550253,2842.580220601847,47.829370000000154,50116.47237116082,25.597516631225062,53.01245694326711,62121.20350308297,50063.45991421754,2409.757318618701,2280.007811565233,4689.765130183934,8340.707708447135,1773.3152216094936,1637.0300380289307,7367.978458681483
2025-10-02,50321.194313582164,20.621623334351398,77.17658589988865,61792.8499409813,53361.04264037269,3035.8462124007265,0.0,1254.4225314899697,5395.961088207879,8901.828388773465,3035.8462124007265,8901.828388773465,0.0,49736.16469392072,20.621623334351398,86.98077992737714,58594.414646123616,49649.183913993336,1852.0971892511307,1339.7881918713745,3191.8853811225054,5789.410240530058,1070.2978399999997,1254.4225314899697,5753.3453510077725
2025-10-03,21905.07605619178,0.0,0.0,28083.954016060317,22103.910489122834,0.0,1421.583231145638,1071.8630850373042,4558.460295791844,1489.4887188290236,1421.583231145638,0.0,1489.4887188290236,16763.31368228372,0.0,0.0,22724.02300369018,16763.31368228372,291.78784956112895,1832.6428957480066,2124.4307453091355,1828.899582032481,2654.855621478208,1071.8630850373042,3836.2785760973247
2025-10-04,22769.053795706575,146.11673135197847,607.1514995717948,30377.284863937944,23858.06758075618,313.0315170978902,0.0,1471.9228951501377,6206.185766083872,948.6496667851036,313.0315170978902,948.6496667851036,0.0,18014.224838110335,146.11673135197847,544.7948559617271,24830.54847017549,17469.42998214861,172.38894802562496,1663.5157061166935,1835.9046541423186,1085.7158259216199,1815.5808527079128,1471.9228951501377,5525.213833884562
2025-10-05,47212.564223493915,27.21122291190079,61.20824152550051,61237.70156773744,52070.205841814466,2239.52952634486,200.84951496806318,1508.445662795075,6727.116684610051,7529.921470125069,2440.379041312923,7368.278561375069,161.64290875000052,47294.67094530985,27.21122291190079,65.13626184194317,59789.322926857254,47229.53468346791,1124.6691616402998,4272.279653768938,5396.948815409238,3468.399869947815,3844.3723377542465,1508.445662795075,7162.839427980105
2025-10-06,44080.375658857185,275.12756631505874,820.4524171074356,55528.04703797399,41783.19194362737,82.92721120951514,3238.4191315969674,2400.8372576916086,10423.508751540137,4839.936826718317,3321.3463428064824,225.7824274707279,4614.154399247589,45058.02579302,275.12756631505874,875.6444805784427,59735.867190281584,44182.38131244156,894.6042601958806,3774.4729178081075,4669.077178003988,3137.6021903344404,3354.333322705095,2400.8372576916086,10884.408699836033
2025-10-07,45373.349262345946,264.1502460283339,859.9366675116052,55500.846741423724,44152.93424681279,14.132044804937596,2244.834366319068,2115.522428811444,9088.946083486935,2403.56605356573,2258.966411124006,60.919702500000426,2342.6463510657295,45705.711274685695,264.1502460283339,927.7557063937795,58788.36228388367,44777.955568291916,675.4836630926793,3770.1532505642813,4445.636913656961,1823.8795469038562,3355.680189530136,2115.522428811444,9564.769801934795
2025-10-08,45929.61256962989,503.3650684116876,1902.0567129013018,55231.34342176921,43045.474210194894,79.49154387839863,709.8393743875286,2601.0177976436157,11396.538293308387,1190.3752311382937,789.3309182659272,253.2673051080264,937.1079260302674,46639.64469951912,503.3650684116876,2037.4067884552137,60458.88177001555,44602.23791106391,1213.7060366686485,2586.0966249722287,3799.802661640877,3989.4375742879583,2338.6950308116757,2601.0177976436157,12056.841197310765
2025-10-09,45130.98757337518,272.7835476494075,814.4847002105989,64896.417023010144,48697.13338839867,2908.8219371611494,0.0,2962.7981492255485,13290.461697450319,9817.726145334478,2908.8219371611494,9817.726145334478,0.0,45492.88032100668,272.7835476494074,880.557541561636,62916.259724713935,44612.32277944506,1557.9733408200848,2673.9172937913545,4231.890634611439,5473.52919869651,2239.329066279827,2962.7981492255485,14072.046310657446
2025-10-10,20033.3757903525,297.3612802773554,893.932394892928,27727.97176501385,20258.41749451754,308.1131465898983,0.0,1804.4471867342604,7161.441123906412,802.0824850735573,308.1131465898983,802.0824850735573,0.0,15649.279921197565,297.3612802773554,773.0080975174353,22755.03545479058,14876.271823680128,272.23482943772245,1368.364026547503,1640.5988559852256,1657.544915183476,1438.374853356728,1804.4471867342604,6238.164775125224
2025-10-11,20502.630417129105,308.02551272767954,1019.4951611431104,26800.816759867397,20296.184495474285,81.06331252174986,18.43950443434741,1586.6797659136455,6405.129447437013,239.1243066818173,99.50281695609728,209.23613999999964,29.888166681817665,16093.615501110486,308.02551272767965,849.2541352383232,22474.225708009388,15244.361365872162,222.98613969995066,1382.8071787106176,1605.7933184105682,1325.3513396366384,1504.711524480413,1586.6797659136457,5624.071023726658
2025-10-12,46352.510013062274,637.0494295782146,2273.502942668406,57457.10161003933,44496.584314762156,222.99901489716282,593.2005856226511,2707.518470489982,12144.317694757367,1589.165236908945,816.199600519814,905.9188513640049,683.24638554494,46500.136363136524,637.0494295782144,2352.010832875184,61455.94138928887,44148.12553026134,959.6816053869685,3394.874602103004,4354.556207489973,2435.257046044617,3671.077458441715,2707.5184704899816,12953.259651537557
2025-10-13,45455.85783974485,205.45465915561329,543.9178137670067,56136.72028667328,45971.03094531108,1258.652471006665,34.67616855075112,2065.5923640377277,8872.360701804782,4254.491410549044,1293.3286395574162,4213.806008049043,40.68540250000132,45912.59249768085,205.45465915561329,578.7388749752095,58771.28511094053,45333.85362270564,1477.9317121139893,2469.548659462739,3947.4803715767284,4511.726852155614,2054.718457924982,2065.5923640377277,9489.951116658167
2025-10-14,46912.66084699578,525.0358262924866,1744.2305662410263,64617.3242449988,48187.62653058604,1632.5142744694163,587.1020348883751,3304.344627353028,14210.081405054967,6044.127930646517,2219.6163093577916,5355.283586063183,688.8443445833334,47636.62702404396,525.0358262924866,1866.9415553110928,67637.75019863046,45769.68546873286,1662.5665926781169,5083.788718360262,6746.355311038378,5003.119453278867,4589.541496795529,3304.344627353028,15121.709418859222
2025-10-15,45934.92665581229,322.30225570396965,972.9447757680332,61908.4218296098,49630.46102455459,1866.9972878943745,0.0,2459.1904736397764,10410.963517160832,5615.336105515296,1866.9972878943745,5615.336105515296,0.0,46836.059617751554,322.3022557039697,1045.338785535409,62971.83811491862,45790.720832216146,1168.7997424688492,4816.4956627820375,5985.295405250887,3214.272731359878,4555.271931693962,2459.1904736397764,11195.82187745158
2025-10-16,48662.29182947102,784.636305542189,2881.992339917332,58340.70806855232,47450.706950876884,557.1070931354546,1580.6176032858718,2054.5243253117665,8752.276421254099,3223.4989926957055,2137.7246964213264,1523.7368651386885,1699.7621275570173,50015.272191533,784.636305542189,3175.4975347914133,63656.06706247508,46839.77465674159,1120.6813122429207,6173.4810990812,7294.162411324121,2694.783748662535,5026.589725151993,2054.5243253117665,9522.129994409373
2025-10-17,19850.33116707843,162.4118630072286,447.77038897665045,27118.421994579327,18756.003848498036,0.0,2404.804160647912,1524.6853068811479,5957.613985433378,2637.5446380659164,2404.804160647912,0.0,2637.5446380659164,15664.46370680681,162.4118630072286,380.81934376521394,22732.628809917696,15283.644363041598,371.8541563747999,1919.1853106374033,2291.039467012203,2379.9410975937744,3058.322973065913,1524.6853068811479,5157.944979863895
2025-10-18,20107.200829228903,212.1877785027503,499.9300493001473,27505.438563357922,20784.70671005093,480.1248930502335,88.0905230183741,1558.5061022538594,6152.516437238379,1358.2462714389007,568.2154160686076,1281.6921273356559,76.55414410324487,15618.624085369667,212.18777850275046,430.01125639576776,22114.180307311384,15188.612828973899,347.52814725051053,1389.7986767938162,1737.3268240443267,1961.9607503090263,1475.4186267441971,1558.5061022538591,5188.2406542931585
2025-10-19,48650.80121872535,519.8810401858872,1702.4763025901625,60077.001547459775,48460.236604040736,651.6043399836636,40.63748591643727,2539.3121039554962,10924.523117518933,1826.4288042234086,692.2418259001009,1766.1550079734088,60.27379624999969,50341.25382259946,519.881040185887,1874.0278279210966,66241.64507118466,48467.22599467836,1319.2997445606318,4530.7802171185485,5850.07996167918,3377.498701124862,3551.5492798115447,2539.3121039554962,11924.339114827113
2025-10-20,50721.57707319016,755.5639814502459,3457.3125778850654,60997.7054977421,51466.353590266524,1519.002944595685,516.8960253200629,1745.4158641656973,7495.452937559823,4721.201012539624,2035.8989699157478,3981.8242312896236,739.3767812500006,52340.42355891547,755.5639814502462,3793.7611190658936,61753.3272716243,48546.66243984958,645.7660325738407,4298.856971102318,4944.623003676159,1449.7838845729048,3648.8773481038756,1745.4158641656975,8262.041828098567
2025-10-21,49548.23028698421,537.2566357853337,1767.1552683986563,61147.5389062333,50264.51585303394,813.427906326116,1471.7039044146575,2046.1475681624215,8597.891242458587,3492.932638051282,2285.1318107407733,2196.2856292438332,1296.6470088074489,51595.40411874667,537.2566357853337,1961.9235881510735,64526.92611236906,49633.480530595596,603.0593275646725,4823.64498164683,5426.704309211503,1341.3695452708077,4189.332716117601,2046.1475681624215,9466.741272561967
2025-10-22,49416.983626584835,202.12933604653773,705.5549601027373,56620.2835914437,48486.91053814855,118.06501521217312,887.0008655656497,1667.443364232189,7128.307172517331,1471.4165221723215,1005.0658807778228,311.2216714545118,1160.1948507178095,51418.085817429914,202.12933604653784,802.8661857891499,62624.92464835174,50615.219631640764,978.134634869343,3014.9249354966832,3993.0595703660265,2105.710719870259,2604.8903982344573,1667.4433642321892,8016.645446344946
2025-10-23,49278.123600467225,124.66392130047649,314.9946457319493,69208.87725308869,54658.59585417585,4004.159867523241,313.4310967792494,2275.6937711735627,10232.690434610344,12157.200706620366,4317.59096430249,11902.880971620369,254.31973499999958,50323.94827346151,124.66392130047646,341.83125088274033,66844.60340869252,49982.117022578765,2276.8390691651316,3346.2404134650074,5623.079482630139,5853.746630237422,2793.1003616260086,2275.6937711735627,11239.406903483614
2025-10-24,19953.091320075222,305.146461509874,854.5679536179473,26825.487428621993,19535.919049816977,0.0,527.8412782131217,1708.977166839425,6761.727100591893,673.3375131858498,527.8412782131217,0.0,673.3375131858498,15840.6425851099,305.1464615098739,738.8563175928527,23019.214688550735,15101.786267517049,299.57697965048084,1749.130170592094,2048.7071502425747,1632.753421262037,2157.2905762457735,1708.9771668394249,5868.721270791112
2025-10-25,19963.30408640779,184.92537908084734,420.57247334006706,25689.20578896838,19816.82334433478,18.697976542500086,553.6281883983489,1349.5704160645423,5300.056279692748,826.2032475000015,572.326164940849,50.269061250000085,775.9341862500012,15858.63509726686,184.92537908084728,363.15121386323534,21992.983607047878,15495.483883403627,347.3269835714476,1568.3975084923422,1915.72449206379,2045.8521775531942,2147.1894028396337,1349.5704160645423,4581.775231580459
2025-10-26,48785.14715092898,199.02213279486068,534.9154838097454,63200.51520559192,51192.554391228434,2124.903219759998,340.6648930426501,2194.8148088220355,9542.392701560831,6237.9147318239475,2465.568112802648,5975.952704361048,261.96202746290004,50557.689227024806,199.02213279486057,572.5347955552379,65068.4527097517,49985.15443146958,1631.6960221992447,3147.1883640729156,4778.884386272161,4095.3686704410616,2470.7707657348087,2194.8148088220355,10304.413892009969
2025-10-27,49328.279633866376,175.24086815654516,554.4496736156254,57967.81550751097,47403.62918073413,54.19700854981252,3112.715762505826,1685.4648234043032,7397.273555721198,3357.2521774679553,3166.9127710556386,142.48120250000005,3214.770974967955,50567.442444214095,175.2408681565453,602.3428626548741,64796.708173044506,49965.09958155921,1375.532191405629,5185.294454881359,6560.826646286989,3043.1475250904878,4039.5573492470926,1685.4648234043032,8270.781945198312
2025-10-28,50050.40485931598,312.23196615014336,1162.6008532232754,59579.52082709152,47418.48817576896,387.9112301365605,3954.264827464739,1759.4773014127195,7818.856593721255,5123.005021072369,4342.176057601299,935.4296033390171,4187.575417733352,52141.404458855635,312.23196615014325,1275.4715317116124,65148.85865954307,50865.93292714402,1228.082695619827,4444.3448726753895,5672.427568295217,2807.3847479422093,3741.542500580366,1759.4773014127195,8610.498164103834
2025-10-29,51363.41814632842,1063.5331304325307,3864.628954281215,58416.21910996229,50917.96708807846,513.4217711498435,1087.2390785142097,1461.6673466086977,5897.591172219774,2366.922299776999,1600.6608496640533,1472.510536799156,894.411762977843,54159.440048870994,1063.5331304325307,4246.866289891535,63101.613833431555,49912.57375897946,347.82270719368745,6285.176572914381,6632.999280108068,789.9044199999998,5297.582841352755,1461.6673466086977,6556.040794344029
2025-10-30,49054.609037297174,203.40201595298726,630.2161773822083,58090.78019901715,45603.537187291535,262.2164250900124,2375.4289140323863,2171.532208770602,9849.597672603217,2954.197822623304,2637.6453391223986,644.1721006169462,2310.0257220063577,51558.27278567393,203.40201595298709,660.1540817968732,66188.862254252,50898.11870387706,1860.806560839619,2774.67086640147,4635.477427241089,4415.11431187665,2075.1565559053306,2171.532208770602,10655.266123133844
2025-10-31,20320.042295711126,495.3213181957394,1593.2776621944145,26591.978567677495,19905.687178556935,319.17116643405126,0.0,1616.1281949697727,6367.12022268651,881.8181502903068,319.17116643405126,881.8181502903068,0.0,16027.360167314826,495.32131819573965,1333.2281067496629,22392.53404200486,14694.132060565164,305.35120010225774,1651.7649912538204,1957.1161913560782,1878.998847314356,1718.065164141101,1616.1281949697727,5741.285790083615
2025-11-01,20062.31661887885,382.423337165966,960.1732399457163,26182.919306982996,19453.60604913266,33.34744542965485,537.7121417863767,1614.493969421452,6158.253670634305,902.7250076543485,571.0595872160316,97.18412616467376,805.5408814896747,15626.13396639376,382.423337165966,801.4946263930237,22108.52895053339,14824.639340000736,313.8042256629483,1690.0334121827498,2003.837637845698,1982.5385742953,2238.704579447168,1614.493969421452,5280.051972686957
2025-11-02,50637.305958353376,415.3323875424452,1195.9786163608214,61214.84692905179,49483.816763690425,523.9483929822211,2745.9740209435195,2056.281989312102,8461.107751435624,4349.47148367784,3269.9224139257403,1354.5373125355072,2994.934171142333,53360.67044802693,415.3323875424452,1271.43085947278,66909.7716819348,52089.239588554155,1021.3233743913837,4315.240728015477,5336.56410240686,2164.3189089423163,3653.877600722257,2056.2819893121014,9483.967990973768
2025-11-03,51042.659827960655,369.59570349203625,918.0041406679936,62190.589602956956,52090.64833222399,1139.2739332161727,13.609435943999744,2115.538369054205,8947.0579015728,3460.1616527006177,1152.8833691601724,3450.3523727006177,9.80927999999983,53986.26024752587,369.59570349203625,947.104256147169,67904.2153916852,53039.15599137869,1362.6130942524887,3772.5730563582147,5135.186150610703,3036.873595828642,3177.2245875686394,2115.538369054205,9729.873249695798
2025-11-04,51378.916429466306,401.09423425440957,1317.1801773017714,56988.417357880855,48922.358841157125,6.103705000312554,1416.257616302852,1618.5070431382844,6643.697195420563,1403.7405837280162,1422.3613213031647,21.30516375000019,1382.4354199780162,53940.99375039526,401.09423425440957,1390.6237242977977,63636.32888056973,52550.37002609746,997.0533546622825,2693.381644026617,3690.434998688899,2401.5267466666687,1978.1061662500026,1618.5070431382844,7395.523855783372
2025-11-05,51007.896464898586,759.2318016783308,2407.0157401008187,65730.37810822282,52360.137488780514,1941.3406008792022,20.82534072525023,2712.0384000541885,11408.074677837847,5886.698981763151,1962.1659416044524,5869.107761763151,17.59122000000019,54346.44407806441,759.2318016783308,2621.660753491639,69838.67237224379,51724.783324572774,1382.6053938248788,3896.2046883771336,5278.810082202012,3169.2205027414193,3043.161674635721,2712.0384000541885,12835.078965469007
2025-11-06,54032.99540474647,1290.5750091119876,5214.260996539458,61373.99083326459,49322.18494463465,45.04504378075006,1829.433152434967,2405.248781737614,10177.32769241421,1734.2792822222232,1874.4781962157172,156.61513750000032,1577.6641447222228,58005.2816292375,1290.5750091119871,5885.267902622994,68501.33855788248,52120.0137266145,533.7799984141828,4320.018898324157,4853.79889673834,1200.303009463319,3508.9343197941744,2405.248781737614,11527.52593452964
2025-11-07,22317.129328249524,1020.4269411093896,3945.4944291863367,27752.733307671133,18529.211563826088,1.9638548565126257e-13,354.60564211620283,2133.0498005555173,8868.916101728839,304.2651718263402,354.605642116203,3.979039320256561e-13,304.26517182633984,17814.52324887782,1020.4269411093901,3434.044816795509,23534.458767705895,14380.47843208231,184.83427808542885,1046.616914853855,1231.4511929392838,1119.6215787654319,1088.43421525688,2133.049800555518,7922.529142684303
2025-11-08,19954.28309220969,467.40125871806254,1401.311397093505,27020.988799079896,18929.014536383133,0.0,731.5020572716012,1854.5220727724802,7360.472205425162,1008.4459751263914,731.5020572716012,0.0,1008.4459751263914,15733.435807402366,467.40125871806265,1144.8252639693758,23258.725891391383,14588.610543432991,312.29406380348024,1895.9675070513902,2208.2615708548706,1922.54903196055,2642.58514335039,1854.5220727724802,6461.853777103524
2025-11-09,53814.32847644572,1012.8155537077615,3668.370849967606,59533.94253511569,50909.795693732056,306.1914536506861,345.6153628724745,1939.3897686839987,7972.340024860465,1247.116355895057,651.8068165231607,948.2079887499995,298.9083671450576,57325.43717439763,1012.8155537077616,3964.9543824003995,69875.71878671255,53360.48279199723,1687.8314980051698,5839.599200462693,7527.430698467863,3641.626348749999,4467.816076024228,1939.3897686839982,8987.805296247461
2025-11-10,55072.156660372435,1443.2011317979059,5435.226840386777,64833.48087349022,51372.54390734258,468.22588905585525,3294.7984191208448,2263.1122687986153,9697.912657970945,4250.620803637367,3763.0243081767,1174.0543708402265,3076.566432797141,59631.969692718194,1443.2011317979063,6088.49073800167,71566.78170396395,53543.47895471652,438.01233789769225,6599.65985631058,7037.672194208272,924.9639462819556,5344.328322531956,2263.1122687986153,10985.63055503915
2025-11-11,52475.66974000336,576.2469026501421,1972.2545271346085,63382.69526355599,53014.24672842122,1222.640515275492,0.0,2155.1357732953165,9145.808019859276,3141.182931952764,1222.640515275492,3141.182931952764,0.0,55919.80543632193,576.2469026501421,2187.654411184918,68329.28797051747,53732.15102513702,1020.1788160430854,3136.456020903481,4156.634836946567,2232.446414813103,2470.468133261577,2155.1357732953165,10440.502108433882
2025-11-12,52656.26104240906,493.0367024435993,2040.4085931807556,60157.80354265059,50327.48604694127,256.1018003770636,2034.5115473860785,1736.2912264131946,7539.704147946178,2571.7403300564806,2290.613347763142,809.1180434722252,1762.6222865842553,56301.56961308653,493.03670244359927,2203.2563938032754,66323.73206503283,54098.313219283256,676.2321890482598,2917.8324937515004,3594.0646827997602,1415.2185299999978,2321.2098825,1736.2912264131946,8631.354162949821
2025-11-13,53289.972691795076,719.352335703934,2419.3645385194477,61594.90956790379,49231.1814830104,494.8356911911127,3284.201554214058,2019.9479745585877,8584.690839488228,4472.847805267155,3779.037245405171,1159.86107181845,3312.9867334487053,57895.99175719306,719.3523357039337,2661.5430954340227,70696.57849529872,55234.44866175903,1605.4696484277513,4237.865810145171,5843.335458572922,3515.782080833333,3236.687261250001,2019.9479745585872,9618.794374966761
2025-11-14,20464.36324599172,583.6061935630928,1812.408706180125,27374.34431912414,19025.78481793273,1.258110669444051,1324.042341915472,1775.915600671263,7023.259048606495,1982.9296518103056,1325.300452584916,3.812456574072769,1979.1171952362329,16213.877344515504,583.6061935630928,1524.5496276401086,23759.203923534085,14689.327716875396,304.3771996042777,2474.226520757512,2778.60372036179,1833.3564510104147,3473.577441199987,1775.9156006712628,6291.272486296899
2025-11-15,21035.634816616766,730.4832359659451,2434.737034046624,29002.62572386703,21070.88655011705,280.3758284207238,0.0,1900.5571177197062,7651.363345329256,998.8334959556222,280.3758284207238,998.8334959556222,0.0,17012.638046097978,730.4832359659449,2119.4712083059603,25877.957637204177,14893.166837792021,162.37805978522874,1355.6085522314731,1517.9866120167019,864.9195546963265,1457.2590739560853,2524.3082147769555,9466.804187395457
2025-11-16,55376.779586666366,932.0444351189802,3734.093283623977,61528.76348480484,51004.91941785932,3.9652276479374926,2524.017156778317,1924.942523811087,7995.861682519267,2260.127039111936,2527.982384426254,16.333823749999965,2243.7932153619363,59877.519867295145,932.0444351189805,4142.796253532803,69358.1930709699,55734.72361376234,690.1268676444842,3824.3926938799095,4514.519561524394,1610.9774160396737,2811.3157861988525,1924.942523811087,9108.949895683156
2025-11-17,54176.94495020676,676.1117000796124,2008.5575610506494,61944.4663240896,48974.61662246339,7.052971722750161,5705.636078151169,1823.9095877078692,7257.160651752294,5605.098473162781,5712.689049873919,15.374563750000334,5589.723909412781,58271.37080126253,676.1117000796125,2242.1560279616424,68220.55621132051,56029.21477330089,719.5047973584648,3080.060083276124,3799.5648806345885,1618.4520066630748,2421.144318749999,1823.9095877078698,8391.776557385027
2025-11-18,54515.51733873389,884.6194184908481,2605.5302767107937,62224.495404691246,51312.155520621745,274.40176472969256,1646.2587523614397,2091.700567986609,8991.679366978366,2220.8012572685384,1920.6605170911323,678.9035164404416,1541.8977408280964,59305.51142308736,884.6194184908484,3043.8714282584065,73649.33176510989,56261.63999482895,1763.8362520111032,5365.515038256775,7129.3512902678785,3802.6530183333343,4167.976971728397,2091.700567986609,10258.340480013065
2025-11-19,55224.00400286299,1019.5822132116652,3570.3594326117063,62570.024432068305,50628.94922411464,0.0,4992.7275342547455,1808.5414367686774,6948.347673698916,4600.312355694691,4992.7275342547455,0.0,4600.312355694691,60585.14601378111,1019.5822132116655,3829.6535351910825,70000.42088925125,56755.492478590015,331.7862213225058,5049.235329039877,5381.021550362383,692.3062360482672,4012.033108934073,1808.5414367686774,7863.906860298848
2025-11-20,54857.84694910085,708.8136127189771,2530.3290042258495,63152.85299661991,50461.37721670463,47.357888531249884,2870.570488873135,2240.9294452562644,9773.547402510882,2870.134110752464,2917.928377404385,122.41868624999972,2747.7154245024644,59221.341486798294,708.8136127189771,2644.822556659955,74408.5635640854,56576.51893013833,1655.9100525686556,5173.781266288808,6829.691318857464,3483.29703789144,3834.1605937499994,2240.9294452562644,11002.353315089604
2025-11-21,22251.407554027952,905.712023524664,2772.0483526713815,29173.78846820599,19122.840811442336,1.8268366883750367,1889.1718430142023,2100.1426964123725,8159.94897706108,2601.239485349502,1890.9986797025774,3.9501900000000774,2597.289295349502,17824.707167912376,905.7120235246638,2413.5260468624874,25199.67787431075,15411.181121049889,312.29415407745256,2066.5779016372608,2378.8720557147135,1908.6914536513036,2686.8534221802674,2100.142696412372,7409.624697546148
2025-11-22,22969.05329132176,1040.062413158933,3633.7175617582707,29671.86089984885,21445.44360231133,129.54169665754054,6.730646210437308,2048.3614608518046,8090.144954669546,605.760762959007,136.27234286797784,600.8653979590073,4.895364999999856,18532.98838888622,1040.062413158933,3144.214298967727,24721.190129649825,15388.774089918496,49.885875247383986,1408.6085440171041,1458.4944192644882,367.100546388524,1431.2106888249289,2182.1018996125363,7873.921620466841
2025-11-23,58075.18708870764,1336.835057428827,5511.314760432857,61443.53806190092,51122.656574463675,1.3995231420623904,3239.797022977563,1720.8904721656195,7079.684941317624,2790.3712973672946,3241.196546119625,3.026204999999777,2787.345092367295,63348.51261968954,1336.835057428827,6108.036807531533,69747.63022079876,57240.47581215801,823.5507833212582,3671.114958306594,4494.665741627852,1940.4233099933415,2596.2841007180764,1720.890472165619,8012.488667012892
2025-11-24,56155.56287875582,835.4869364618261,2896.9656853219894,61615.13260572193,50455.3836178136,0.0,1863.1734362292298,2242.288399801608,9296.575551679103,1805.6830439750363,1863.1734362292298,0.0,1805.6830439750363,60767.78447421528,835.4869364618262,3035.7941181003534,74370.77316829516,57731.990356114926,2197.356617544642,4007.3996063056084,6204.7562238502505,4856.918089999998,2850.6219930106226,2242.288399801608,10434.026588329973
2025-11-25,55050.14665855037,602.2690401908799,2006.6064452135452,65803.67636537683,57533.52719389902,1765.6972812657325,0.0,1589.7162051844045,6504.451890212086,5027.253218585681,1765.6972812657325,5027.253218585681,0.0,59461.94414235205,602.2690401908798,2107.358797848017,70259.09621810429,57354.585344504034,929.1375212320218,4585.01643887355,5514.153960105572,1912.928096250001,3416.4536166288567,1589.7162051844045,7390.356913494686
2025-11-26,55800.365037389514,673.1230287946091,2537.1929911318675,63294.54517497275,53978.0857647457,352.40045581345845,2091.6917784686057,1606.9723203077397,6872.367175944987,2611.532561101071,2444.092234282064,985.9574135710336,1625.5751475300376,61161.45409044484,673.1230287946094,2741.6535838900445,71817.15851207354,58419.80050655479,737.4919404043807,4830.950967341965,5568.442907746346,1493.4493824210304,3744.0940644612965,1606.9723203077397,7828.9150977724075
2025-11-27,56200.72735777651,718.946851195723,2791.8413106308653,61386.2977035048,52740.20356499139,5.4352202297500956,2276.9529712753915,1491.6353068346348,6363.705947008266,2106.36996875,2282.3881915051415,12.609827500000222,2093.76014125,61737.477348196466,718.9468511957228,3138.4629785910456,71851.30243268142,58599.01436960542,1069.4551364164918,4877.456231045735,5946.911367462227,2141.034944999999,3432.3234061275275,1491.6353068346348,7305.376695613776
2025-11-28,23366.16587801685,796.1195911671646,3227.684522987389,29238.795093109962,20084.88015108952,0.821745613875015,1057.3235264467853,1865.525867352233,8095.769669959782,1543.600416311727,1058.1452720606603,1.7768700000000308,1541.8235463117271,18298.540000560915,796.1195911671648,2709.137481650315,25237.522673421456,15589.402518910598,385.2606570443304,2066.06892948754,2451.3295865318705,2413.805877370004,2840.5736364418512,1865.5258673522333,7196.790567978988
2025-11-29,25189.388801420206,1519.7162424925464,4953.50167874149,33393.484280169425,24480.837487960354,922.3307059144427,2.5445839443749856,1963.5303418892588,7987.7715023502515,4033.845783625527,924.8752898588176,4031.3115898755273,2.534193749999986,20217.46485497234,1519.7162424925461,4389.822710981514,26235.27007289864,15827.642143990824,2.8854039459374716,3124.331698683998,3127.2171026299357,7.879268749999937,4017.285139101946,1963.530341889259,7280.41082627788
2025-11-30,58303.072627547546,971.1332141404355,3648.021014056357,66286.12201813622,54527.00087958081,42.91964469749985,2715.419616126705,2040.7611881636885,9000.78187773119,2438.892083882288,2758.3392608242048,155.6208224999996,2283.2712613822882,64290.14278116612,971.1332141404355,3960.7117458465314,77255.28826463979,60329.43103531959,881.0871646404502,5746.710850903233,6627.7980155436835,1893.0442833893792,4257.298882456647,2040.7611881636888,10298.059213776527
2025-12-01,73253.48508756694,5104.039590832595,17493.00087312966,87729.35228609183,57104.71837278553,1022.0830381272989,6.336579360749689,7611.333643722819,29596.21429581826,2719.992694999997,1028.4196174880485,2715.390898749997,4.601796249999779,85931.56873546145,5104.0395908325945,21084.76970276153,107466.79900508033,64846.79903269992,1806.0255179689905,4004.6066665751714,5810.632184544162,3745.7804188222153,2696.2886354646744,7611.333643722819,36809.367787836265
2025-12-02,78820.01080347234,6045.030191929278,22751.772160234315,86319.26715687722,58877.29071219437,850.4761275043732,123.68250985031293,6753.720781749699,26467.81780732816,2645.9144915638444,974.1586373546861,2541.939111563844,103.97538000000031,93578.06957505591,6045.030191929278,27726.640785624888,101507.71117767965,65851.42878943104,331.9318504334231,3316.8568333089875,3648.7886837424107,656.8059421054227,2318.011900315345,6753.720781749699,32007.493704506214
2025-12-03,72401.5697032609,4993.146776093344,16324.759725976795,82012.33763021568,52633.34419087366,24.572044651250074,6170.60900889057,6185.944792580143,23183.812385800215,6079.807365373714,6195.181053541821,62.610420000000204,6017.196945373715,85447.52061019442,4993.146776093344,19788.368901901318,100260.47369159647,65659.1517082931,1268.3507377956173,5234.614737203106,6502.965474998724,2347.582667751123,3787.3157372147725,6185.944792580143,28098.35650830465
2025-12-04,75390.44584100094,5382.813299341042,19197.63321963517,88585.65725281107,57635.205303114824,1312.243947493983,994.7527481896747,7352.5543172972275,28643.455254012595,4205.685300908523,2306.9966956836574,3411.0779300358586,794.6073708726641,88284.94923928234,5382.813299341042,23017.22987812972,103760.01099549647,65267.719361152616,1073.6986452261208,2314.842665821521,3388.541311047642,2075.16951608483,1625.4456984534916,7352.5543172972275,35103.75032329622
2025-12-05,38969.61502746786,4800.300458840013,17086.32868794319,45345.2679546632,22308.368731080292,5.965095210749966,819.3042854365655,5882.442078534385,22211.62984293559,936.3091429403236,825.2693806473154,29.006054999999833,907.3030879403237,34842.41812626071,4800.300458840013,16469.88963072571,41527.0337468834,18372.528495535,103.05623544742741,1576.8333771541159,1679.8896126015434,577.4957349309855,1676.6824024966638,5882.442078534385,21474.61563874685
2025-12-06,44561.83887537822,6672.275070017001,22832.02040422466,45844.57447492602,23537.76195432937,130.71482155737314,0.0,6091.017703801748,22176.097699039274,435.5845725532215,130.71482155737314,435.5845725532215,0.0,41107.237772327586,6672.275070017001,22511.854042889183,42017.94064993521,18595.3837294384,0.6567720458127662,2123.6590346009066,2124.3158066467195,1.9719275000006178,2436.805189804554,6091.017703801749,21298.24111385009
2025-12-07,72421.54726146905,4730.796470802649,15990.750420687069,88812.43859592378,59245.65536883904,1552.1722546393516,32.49118542562465,7384.87397455692,27982.119787019765,4435.553872862789,1584.6634400649764,4407.918060362788,27.6358124999997,84506.2291796901,4730.796470802649,18831.503843076465,106796.8005662295,65674.72533661363,1796.8209949479321,5031.238279483845,6828.059274431777,3483.3998857401757,3321.8266657401764,7384.87397455692,34294.01595518409
2025-12-08,70847.93421303075,4296.935256921306,14092.582666123455,80311.55944570889,58940.0181471584,527.0869202170989,532.4466431953127,5465.892400960786,20312.00773513807,1799.8510813863704,1059.5335634124117,1228.9632226363703,570.8878587500001,83370.93498705499,4296.935256921306,16876.550628307465,96496.54762623842,66494.38435874753,650.1349612732639,5080.066732911937,5730.201694185201,1221.618048800517,3942.6910393061926,5465.8924009607845,24271.961573305703
2025-12-09,75948.96729209981,5060.183823121079,19314.558067468774,85059.08819186983,58298.07875975405,911.0161786489332,258.76720377168795,6366.575863793864,25591.226049695164,2832.679941100603,1169.7833824206211,2602.5814736006023,230.0984675000003,88455.107882033,5060.183823121079,22935.72492349663,99882.16373631521,65519.38295853637,876.9401575161263,2552.2617349003413,3429.2018924164677,1727.0084462476514,1753.8881622656197,6366.575863793864,30933.578885362367
2025-12-10,73074.14110042392,4988.637956715188,16512.28130284003,82523.05922637417,55713.749145677255,137.15390661715077,2564.6656072610385,6344.706811476401,24107.490566818735,2884.6001212279457,2701.8195138781894,355.4345974779447,2529.1655237500013,86500.68925652115,4988.637956715187,20074.77554006822,101901.9774464591,66425.91371645292,1180.876048475077,5012.420766550484,6193.29681502556,2180.759154825916,3591.962769136943,6344.7068114764,29282.76691498062
2025-12-11,71069.71764776323,3986.8829678105076,14095.476537823746,79139.9408952618,57761.56100063582,727.0885819787993,5.017465941000181,5347.022041626748,20646.273846706186,2236.6375684876543,732.1060479197995,2232.3683972376543,4.269171250000113,81868.58709732417,3986.8829678105085,16471.889675626564,92747.12452303909,65396.69742169761,990.2401936132476,1786.7755799481333,2777.015773561381,1929.9741057925946,1330.734485299498,5347.022041626748,24573.411327780108
2025-12-12,41632.98980349365,5762.374701768133,19320.913326306458,44338.44130182764,22870.664044241727,0.0,2211.6966863521975,5219.510168232722,19256.08057123372,2785.1177740365247,2211.6966863521975,0.0,2785.1177740365247,37641.34968545998,5762.3747017681335,18845.203425691834,40065.74074569183,18796.146259768142,0.0,2927.6279253617845,2927.6279253617845,0.0,3558.75584403664,5219.510168232722,18341.966560561905
2025-12-13,42270.16542851037,5276.949840258069,19813.60354201489,49815.31811748544,23274.840218776917,264.43908822595546,926.6181869507182,6448.059561230391,25349.420623531852,2105.590533476706,1191.0572751766736,1148.3544186745908,957.2361148021146,38807.70446886698,5276.949840258069,19388.619818631836,46080.96268502799,19419.084650235138,145.80998516854763,1671.9622101385903,1817.772195307138,679.0517787480749,1684.8744317482451,6448.059561230391,24844.10583948571
2025-12-14,72586.87003026113,4283.311655627856,15009.388694851908,83173.41013622921,55113.524748719086,0.0,4071.9701933247356,6064.923881514065,23987.915194185403,3915.8087140859816,4071.9701933247356,0.0,3915.8087140859816,86131.232032831,4283.311655627856,18272.27331176497,102202.44471632809,67858.95872106602,1058.8562080821664,3690.2329154369177,4749.089123519084,1871.9783974999978,2588.4198863117326,6064.923881514065,29594.396871743
2025-12-15,73729.70054350377,4616.801656700746,15898.874300474148,81902.26279400525,54937.89002648386,0.0,5031.817842590246,5706.64588293636,21932.554924931144,4739.513317351141,5031.817842590246,0.0,4739.513317351141,87431.5363460244,4616.801656700745,19246.736717628184,98448.86945815086,68184.79962839621,647.8245267368679,2971.1119801801524,3618.9365069170203,1175.6229550479277,2158.1317708153465,5706.64588293636,26645.133322837628
2025-12-16,73996.60167890193,4620.78010115603,16224.973245587627,82160.03209237463,58386.02433125867,428.0083445628226,368.2826929201824,6031.016556234879,22977.71672363295,1477.8927087725829,796.291037483005,1008.8827033854603,469.01000538712253,86994.62177986902,4620.78010115603,19238.00371980996,98178.74654245906,67756.61806005906,652.9957108315004,2020.2052078664517,2673.200918697952,1207.5060874999963,1443.0212607407457,6031.016556234879,27748.92756370204
2025-12-17,71098.36772588725,4045.5062216702836,13253.945778041438,83156.34531454017,58661.953425562475,1045.0437336024206,48.7349464033127,6130.781391344624,23400.61320897197,2805.7239842195268,1093.7786800057333,2762.468274219527,43.255710000000136,83422.19252968594,4045.5062216702836,15434.317272255928,99488.61542614759,67987.87525743002,1421.2127953133204,1780.5332881828124,3201.746083496133,2572.3687593055565,1251.44102125,6130.781391344626,28298.99408522145
2025-12-18,71748.00707595792,4113.278553069652,13974.0848785817,79903.113823889,56073.8271080711,0.0,1688.5980696029142,5881.604698892414,22140.688646214985,1609.1945273149734,1688.5980696029142,0.0,1609.1945273149734,83860.58262599025,4113.278553069651,16761.18040858001,98571.25969425433,67099.40221741024,1339.7811109695572,2715.5281757494354,4055.3092867189926,2745.3461256287405,1865.207719464498,5881.604698892413,27416.5481901251
2025-12-19,38825.72284851069,4436.082239337209,16055.123460256547,45446.966672453316,22181.31702543481,64.64684187545744,1693.8239544695916,5530.539560189657,21507.17885067346,2707.0068552806015,1758.4707963450492,176.89522278888623,2530.111632491715,34719.0458241854,4436.082239337207,15425.632951742387,42202.82326383057,19293.412872443012,378.0748048006672,1634.6461493710524,2012.7209541717195,1563.5910954633737,1645.830249414642,5530.539560189657,20896.689437215835
2025-12-20,38305.11128831175,4454.216114365009,15729.122978356725,46732.62880335824,23379.4823845102,286.1944706369907,85.1434416142498,5965.649705500787,22981.8085065968,1091.9309131889513,371.3379122512405,962.0903369389516,129.84057624999969,34144.645747744464,4454.21611436501,14956.889503260983,43254.876892509754,19187.756244483473,355.681119889299,1376.7901620942896,1732.4712819835886,1688.196760996054,1444.771383611987,5965.649705500787,22334.64936604269
2025-12-21,74389.59608187909,4881.032698128192,16826.939739152618,85179.86598043075,57681.93029544555,266.29589032074216,673.5398612883749,6947.47474610764,26558.09993337609,1583.303946919715,939.8357516091171,902.3665869197148,680.93736,87945.33320359771,4881.032698128192,20703.504609788095,104759.77374807165,67241.82859380961,1102.7937663900605,3369.6357362065637,4472.429502596624,2049.7689262499994,2433.8239092901213,6947.47474610764,33045.51565166541
2025-12-22,72637.25820838752,4210.93154896604,14908.907537364168,80412.04130521815,56713.17941763917,11.08811416318746,1492.5147501940723,5755.102384942818,22195.259023221726,1675.0337079640253,1503.6028643572597,28.115476249999915,1646.9182317140253,85864.9504147288,4210.93154896604,17551.966094797244,98438.327587728,68312.98431993154,845.8918918606183,2460.7453490075422,3306.6372408681605,1549.7735129077448,1709.2218626638798,5755.102384942818,26818.706026928285
2025-12-23,68587.38616977655,3266.858299667563,11025.713827245716,80861.43385725352,57932.14552449331,791.0141191915774,177.78188314124995,5649.887530793896,21960.492330427383,2339.0378171225057,968.7960023328274,2182.5271333725054,156.51068374999994,80097.00953123118,3266.8582996675627,12693.325735383682,97028.28775793035,67403.6837958475,1294.7407416421236,1729.3018612279154,3024.042602870039,2513.8932775000007,1208.8614064197554,5649.887530793896,26600.5613592128
2025-12-24,71816.94883101598,4037.8909568868416,14451.663881688979,77474.22803512092,57458.85273693009,152.6347228621875,434.8336035412648,5128.930392098304,19427.90697178739,928.1455475000004,587.4683264034522,391.9055425,536.2400050000003,83925.36737930725,4037.8909568868416,17087.205711635463,94175.19483353797,66838.1616676718,946.3788882880692,2986.244624332206,3932.6235126202755,1907.7542848905541,2015.2254448648825,5128.930392098304,23404.40965324589
2025-12-25,70597.59844532092,3910.9517545281915,13390.979345369567,82587.35975822699,54991.700401504786,0.0,2489.9697691472406,6266.660457897901,25105.689587574954,2544.969764104938,2489.9697691472406,0.0,2544.969764104938,82967.5090940953,3910.9517545281906,15873.257010701745,102954.09610847992,67094.25208339354,1514.5310276807004,3507.4067056785625,5021.937733359263,2688.7870864533543,2454.185777519578,6266.660457897901,30837.906291727115
2025-12-26,38525.86114591401,4550.400317247621,16096.903086078542,44745.42075585689,22298.231148960043,11.701084173187482,1161.4062594039601,5527.4665974476375,21274.082263319695,1721.5922737199653,1173.1073435771475,30.071924999999965,1691.5203487199653,34632.00248514207,4550.400317247621,15461.946297154871,41993.73270608099,19170.056187987197,272.46549745512647,1635.1095423252596,1907.575039780386,1200.8399735093644,1669.4596066662195,5527.4665974476375,20916.10147831341
2025-12-27,37038.06902549004,3949.6744944812444,14303.68528435669,45292.958855948134,22993.884277432102,26.6290351299375,777.9288538575895,5475.362006668886,21494.516689528507,1090.2595405321672,804.557888987527,116.34807624999996,973.9114642821673,32504.415007866286,3949.6744944812444,13555.693235584979,41602.0685976739,18948.721772281307,278.51529218813704,1744.5894582872613,2023.1047504753983,1198.3018800101377,1751.4713317529008,5475.362006668885,20630.242074917187
2025-12-28,70409.70555820614,3542.722252379583,12451.51837807094,78728.70207902904,56943.47984091518,212.78684948012483,398.1760811335199,5390.182531365043,21174.259307500226,1049.419464259264,610.9629306136447,533.1886287499995,516.2308355092647,81909.89502878337,3542.722252379583,14480.248400839297,95862.61505393269,67429.64662794408,1248.6837520850643,1452.9741937916242,2701.6579458766882,2264.8403649999973,1010.7706449999998,5390.182531365044,25731.31048011193
2025-12-29,65979.41352897824,1758.3669518708195,5686.77404488441,75120.33090221239,58179.21900601456,12.105325383687426,3153.009673738903,3469.107221169075,13775.996897075234,2976.436948041154,3165.1149991225907,30.541747499999815,2945.8952005411543,76961.99022723758,1758.3669518708193,6523.677401034654,92269.55934693872,70438.31282620292,1332.2410598552456,4093.3558307840367,5425.596890639283,2345.370450978218,3048.0137164226953,3469.107221169074,16405.649630096523
2025-12-30,65511.45734152011,1771.6156784233858,5717.45407678258,75600.20776273575,58911.45738204557,485.3549990805541,358.94268750420747,4030.657593698158,15844.452694105428,1685.5276365687762,844.2976865847615,1425.8181853902079,259.7094511785682,75712.04200898045,1771.6156784233856,6635.85431664926,91820.12870070568,69076.18769233118,1534.606561914936,1395.515761952061,2930.1223238669972,3060.930192160496,963.3803362499992,4030.657593698158,19813.81868450749
2025-12-31,67334.53144431135,2273.798166575996,8094.481881372759,75986.44853004806,60265.34311173532,381.33860318964514,1066.502433226688,3582.725621694768,14273.264381896402,1928.049930000001,1447.8410364163333,1059.6705862500005,868.3793437500005,78763.64196446016,2273.798166575996,9576.38810541637,91064.2588967814,69187.25385904379,661.424509586619,3930.8444215894838,4592.268931176102,1202.243238749999,2706.6764803858055,3582.725621694768,17284.736106561515
