date,series,mae,mape_pct,bias
2025-02-01,load_median7,2007.7384090277778,62.122487630718425,2007.373547916667
2025-02-01,load_level_shape,221.80939228819813,7.198058933843796,212.66333124999994
2025-02-01,pv_median3,74.22177500000004,2.306917128112436,16.72792916666665
2025-02-01,pv_median7,63.0248027777778,2.4008180149442455,-26.300690277777793
2025-02-02,load_median7,150.53494097222224,3.1510488731567357,115.85737986111108
2025-02-02,load_level_shape,203.97140128820348,4.241905363991644,197.75896493055507
2025-02-02,pv_median3,66.44121180555557,2.0115367532272073,-59.14717708333337
2025-02-02,pv_median7,90.04639305555558,2.9503511765225094,-85.91702638888891
2025-02-03,load_median7,112.37784097222229,2.3778012626596396,31.881740972222197
2025-02-03,load_level_shape,178.46312780376346,3.7437137076354485,170.51704722222172
2025-02-03,pv_median3,83.63322430555556,2.90431859636427,10.24723680555555
2025-02-03,pv_median7,78.05875069444444,3.1459930339237787,-5.993834027777786
2025-02-04,load_median7,117.65356319444443,2.4660302311360778,42.39542569444445
2025-02-04,load_level_shape,228.1493229640073,4.82136660491089,213.91407048611097
2025-02-04,pv_median3,119.44879652777779,3.5584788748402936,99.4961423611111
2025-02-04,pv_median7,106.70198541666667,3.5081099646801754,77.76378125
2025-02-05,load_median7,105.98469791666668,2.1892699842743264,-21.17868541666663
2025-02-05,load_level_shape,204.3997833579257,4.084416151186524,196.03581319444433
2025-02-05,pv_median3,111.38961180555555,3.530586588515884,45.74964930555557
2025-02-05,pv_median7,87.47449027777778,3.3624905727251493,45.73269444444446
2025-02-06,load_median7,126.44671736111114,2.7190893351268364,-53.149350694444465
2025-02-06,load_level_shape,198.32922716327786,4.188084906647157,189.81672847222248
2025-02-06,pv_median3,80.16141875000004,2.971478233469525,-35.12462430555555
2025-02-06,pv_median7,73.62426944444445,3.3990129098071584,0.338118055555545
2025-02-07,load_median7,1853.3382930555554,57.40862710153718,1853.3382930555554
2025-02-07,load_level_shape,208.05184197472343,6.659820644879957,196.14496944444463
2025-02-07,pv_median3,160.00171458333332,4.094705535271912,-131.89002013888887
2025-02-07,pv_median7,159.76228055555555,5.204455766470206,-104.94063194444442
2025-02-08,load_median7,1870.913685416667,58.22186705537796,1870.913685416667
2025-02-08,load_level_shape,234.9075236795396,7.704594117115159,227.55291597222202
2025-02-08,pv_median3,137.80822777777783,4.019347731232522,-93.92763472222222
2025-02-08,pv_median7,112.01319166666669,4.693876373059239,-77.65721111111112
2025-02-09,load_median7,104.55280972222224,2.178363121378868,-37.54795555555557
2025-02-09,load_level_shape,203.25251079787444,4.193586870657302,201.5477118055545
2025-02-09,pv_median3,127.38049861111115,4.095764345510991,50.33323194444446
2025-02-09,pv_median7,110.02409861111113,4.734120761219939,22.80984861111113
2025-02-10,load_median7,109.37840694444442,2.312662879987586,-32.39755277777775
2025-02-10,load_level_shape,221.89648694994992,4.522014543397625,212.0042347222224
2025-02-10,pv_median3,162.2543819444444,4.121589690393771,-159.07087777777775
2025-02-10,pv_median7,210.61257708333335,5.907813054168663,-210.37004930555557
2025-02-11,load_median7,96.53543958333333,2.0226952576636545,-37.63186597222224
2025-02-11,load_level_shape,216.08399191394676,4.527147110662804,210.63872152777776
2025-02-11,pv_median3,88.93220763888888,2.6098975810003604,-66.38869513888886
2025-02-11,pv_median7,152.24200347222222,4.715480213260806,-152.24200347222222
2025-02-12,load_median7,95.05940763888891,1.9723636842078105,-35.37879652777779
2025-02-12,load_level_shape,225.87959834669226,4.650384652741952,221.82972361111058
2025-02-12,pv_median3,70.1937972222222,2.188541610211842,-15.67025138888887
2025-02-12,pv_median7,117.27508124999996,3.8209639058378793,-94.48619236111107
2025-02-13,load_median7,114.60203958333335,2.5875028927742862,-41.66653958333335
2025-02-13,load_level_shape,222.68855847875193,4.50173110300701,219.63808125000017
2025-02-13,pv_median3,157.23318333333336,4.235697345974156,-150.14138194444448
2025-02-13,pv_median7,214.69392430555556,5.872081620006288,-209.96203263888887
2025-02-14,load_median7,1848.0933631944447,57.25286171488928,1848.0933631944447
2025-02-14,load_level_shape,203.02833901333042,6.480838600321633,197.29866666666717
2025-02-14,pv_median3,108.66414513888888,2.6986633680741208,44.004222916666635
2025-02-14,pv_median7,114.32713055555554,3.541373299490494,-11.278716666666664
2025-02-15,load_median7,1841.3917951388887,56.810010364822226,1840.5136006944444
2025-02-15,load_level_shape,211.42253557992535,6.789155684723497,202.72952673611138
2025-02-15,pv_median3,80.15786111111112,2.00710915572407,21.67744583333332
2025-02-15,pv_median7,81.09547916666668,2.870775266322424,-29.461994444444443
2025-02-16,load_median7,107.53654513888888,2.2620788763291544,-43.585775694444436
2025-02-16,load_level_shape,212.48972539560617,4.339888860833366,209.20708958333205
2025-02-16,pv_median3,84.61390902777778,2.1510953450680166,40.8966034722222
2025-02-16,pv_median7,107.51631458333334,3.18071148538416,28.396672916666656
2025-02-17,load_median7,111.43819791666671,2.3474855314455216,-37.03297708333333
2025-02-17,load_level_shape,221.49207113425788,4.45523900946722,214.33064062500077
2025-02-17,pv_median3,160.80869027777777,3.9817817138957006,-153.0631152777778
2025-02-17,pv_median7,131.40530416666667,3.985064215766231,-121.08392638888888
2025-02-18,load_median7,109.00701874999999,2.1599175076995043,-54.19900069444445
2025-02-18,load_level_shape,204.7678868784784,4.341924990102423,199.67113229166546
2025-02-18,pv_median3,113.14359444444447,3.341201791103997,-83.91731250000001
2025-02-18,pv_median7,103.32382777777778,3.7494602543428366,-87.60090694444446
2025-02-19,load_median7,126.67170972222223,2.7001985464831937,-77.86942916666666
2025-02-19,load_level_shape,213.5935334510846,4.285512425092477,200.5331013888881
2025-02-19,pv_median3,115.00457569444445,3.1137775399121397,-17.5653534722222
2025-02-19,pv_median7,105.27845486111111,3.6381989186532433,-53.72301180555556
2025-02-20,load_median7,118.36388194444447,2.6453689890799508,-41.17523194444445
2025-02-20,load_level_shape,224.14432727620954,4.6595057068970585,218.7572548611104
2025-02-20,pv_median3,102.09765625,3.1697629801528424,-29.02462152777777
2025-02-20,pv_median7,115.22532569444444,4.253878526219855,-85.34587013888888
2025-02-21,load_median7,1843.3294437499999,57.31125783829941,1843.3294437499999
2025-02-21,load_level_shape,206.76913903752288,6.680517438238626,189.06390277777805
2025-02-21,pv_median3,64.479125,2.6928016821514484,-42.78671250000001
2025-02-21,pv_median7,94.3475041666667,4.087641605203019,-91.35618750000003
2025-02-22,load_median7,1851.3183229166668,57.46184731365328,1848.3194340277778
2025-02-22,load_level_shape,215.57821060161243,6.943884162312545,206.24258402777792
2025-02-22,pv_median3,114.55140972222223,3.5637070147033176,95.44944444444442
2025-02-22,pv_median7,78.65505833333334,3.858430490376816,44.42172500000001
2025-02-23,load_median7,109.93582708333342,2.3551974841208394,-45.64307986111113
2025-02-23,load_level_shape,220.47225469085913,4.555182675311671,211.1960534722215
2025-02-23,pv_median3,101.54048472222222,3.551474071519746,1.34571805555557
2025-02-23,pv_median7,112.00683333333332,4.7509180842591325,-26.02993194444442
2025-02-24,load_median7,110.69362222222225,2.3391053572629215,-32.52477638888891
2025-02-24,load_level_shape,216.55119928078219,4.5782996200967885,208.91507013888855
2025-02-24,pv_median3,153.31637847222225,4.238588847308825,-133.59579097222223
2025-02-24,pv_median7,132.19505833333335,4.676874980320129,-126.72149583333336
2025-02-25,load_median7,112.62038611111106,2.430672051511531,-55.86173888888891
2025-02-25,load_level_shape,203.95821202321213,4.220228335485139,194.0338749999995
2025-02-25,pv_median3,237.25810277777776,5.37586625937469,-237.24228194444447
2025-02-25,pv_median7,233.13679375000004,6.39090593059934,-233.02697430555554
2025-02-26,load_median7,119.5669791666666,2.409733721950806,-58.12773888888887
2025-02-26,load_level_shape,212.77550253310034,4.371087931767764,207.9909413194439
2025-02-26,pv_median3,96.25123541666669,3.2322188120922095,25.19843263888892
2025-02-26,pv_median7,128.95381527777772,5.08950450814258,-74.40839722222219
2025-02-27,load_median7,119.88402152777775,2.6597378397792726,-40.087322916666615
2025-02-27,load_level_shape,238.68280558049122,5.106777377192367,232.65631736111078
2025-02-27,pv_median3,151.9562666666667,3.7136335991639653,-23.274543055555576
2025-02-27,pv_median7,149.23998333333336,4.625379846672338,-114.3412763888889
2025-02-28,load_median7,1840.4111041666667,57.527975634691664,1840.4111041666667
2025-02-28,load_level_shape,209.37789369277866,6.767377499114005,199.5674954861113
2025-02-28,pv_median3,134.50657847222223,3.316737437483145,100.41050624999998
2025-02-28,pv_median7,98.3948284722222,3.7629270781074533,-24.21377152777777
2025-03-01,load_median7,1971.2839291666667,63.67380397857475,1971.2839291666667
2025-03-01,load_level_shape,276.95358410444936,9.245892411859042,259.35313055555565
2025-03-01,pv_median3,196.24030625,4.859603138590139,171.2907451388889
2025-03-01,pv_median7,177.6918326388889,5.1314230916526755,147.36392013888891
2025-03-02,load_median7,151.42404166666662,3.146533632285859,69.75384861111112
2025-03-02,load_level_shape,274.134626419647,5.701522875774431,254.0830145833334
2025-03-02,pv_median3,268.6363958333334,6.085168864742556,240.67099305555556
2025-03-02,pv_median7,298.26787847222226,7.2650772935440004,284.9162618055555
2025-03-03,load_median7,158.38604930555553,3.460899460916003,37.43683819444445
2025-03-03,load_level_shape,279.99598019522716,5.905779561407635,256.8589173611106
2025-03-03,pv_median3,150.19303819444445,4.3385366956236595,141.41634791666664
2025-03-03,pv_median7,264.9981673611111,7.164529585568499,260.1627673611111
2025-03-04,load_median7,100.3023326388888,2.170730477630441,-16.264371527777776
2025-03-04,load_level_shape,246.80991134060636,5.059599205247054,230.21239097222147
2025-03-04,pv_median3,116.56702708333334,3.2744568176674456,-89.6248048611111
2025-03-04,pv_median7,110.32710208333336,3.6035790059319757,79.58727291666668
2025-03-05,load_median7,98.55913541666668,2.077166490386145,-35.69100624999999
2025-03-05,load_level_shape,246.0420452288283,5.156227527318348,234.78420069444513
2025-03-05,pv_median3,215.24471805555558,5.345622197787466,-196.20337083333337
2025-03-05,pv_median7,154.88713680555554,4.850141612765697,-94.39905347222223
2025-03-06,load_median7,116.7424104166667,2.5685258617248428,-28.87055902777772
2025-03-06,load_level_shape,282.8056702776273,5.854933995540604,269.08365729166644
2025-03-06,pv_median3,149.22825277777773,4.234985014697823,-126.33304583333332
2025-03-06,pv_median7,120.28215833333327,4.360319112413109,-94.49696666666665
2025-03-07,load_median7,1878.064292361111,61.33174412903154,1878.064292361111
2025-03-07,load_level_shape,284.7128118140125,9.511279081335491,267.03737534722194
2025-03-07,pv_median3,94.71269444444444,2.2055351026315853,16.085361111111105
2025-03-07,pv_median7,115.5104284722222,3.4662405826178597,-48.78087013888888
2025-03-08,load_median7,1850.3830368055553,59.99138826584528,1850.3830368055553
2025-03-08,load_level_shape,187.26008126239998,6.174997737701947,159.79865347222244
2025-03-08,pv_median3,111.89415486111109,2.866418195895435,-87.77121458333332
2025-03-08,pv_median7,164.10993958333333,4.569429630215286,-163.8280423611111
2025-03-09,load_median7,100.89486805555556,2.184406432070966,-39.128418055555535
2025-03-09,load_level_shape,202.61625289024843,4.260036759559549,163.9146503472226
2025-03-09,pv_median3,148.25188402777778,4.345729783805598,-108.92869513888887
2025-03-09,pv_median7,178.5109326388889,5.195167476832081,-168.1150548611111
2025-03-10,load_median7,124.64117013888888,2.6455211938048317,-52.99656041666667
2025-03-10,load_level_shape,215.91443031968114,4.5615883500202905,170.73343298611164
2025-03-10,pv_median3,166.49975833333332,4.29484407618377,125.52512638888889
2025-03-10,pv_median7,150.12691458333333,4.738914700440865,60.99801458333333
2025-03-11,load_median7,112.17203819444438,2.437685678692013,-35.46723263888886
2025-03-11,load_level_shape,205.27344815633825,4.454992426434574,167.0890534722222
2025-03-11,pv_median3,126.6867736111111,3.80138420680778,-26.080270833333323
2025-03-11,pv_median7,133.73474236111113,4.8542099516701755,-73.46216597222222
2025-03-12,load_median7,111.38642638888896,2.487611736343689,-72.2384680555556
2025-03-12,load_level_shape,193.93319754843924,4.081125767670948,159.02926840277797
2025-03-12,pv_median3,145.93425555555552,4.345297815294194,-121.73904027777778
2025-03-12,pv_median7,152.61877361111112,4.952012740208869,-142.58250416666664
2025-03-13,load_median7,129.64100902777778,2.8470995680339466,-76.9024090277778
2025-03-13,load_level_shape,205.0025594424981,4.3630985054807585,147.66442326388892
2025-03-13,pv_median3,226.82392430555558,5.892733487428714,131.81180069444446
2025-03-13,pv_median7,210.12588472222225,6.671493268731058,87.89818055555558
2025-03-14,load_median7,1857.3217368055557,60.23751421224494,1857.3217368055557
2025-03-14,load_level_shape,206.04701009632998,6.877206951463057,162.98952048611102
2025-03-14,pv_median3,134.78755902777777,3.7628157785960825,-75.79367291666667
2025-03-14,pv_median7,157.98490277777776,5.23724512875952,-131.31419166666663
2025-03-15,load_median7,1834.9010631944443,58.91206483191229,1831.6503687499999
2025-03-15,load_level_shape,193.4179591563361,6.353771765148489,132.32033749999962
2025-03-15,pv_median3,239.30909097222218,5.821414306390913,152.97042986111109
2025-03-15,pv_median7,177.2985145833333,5.59743264893569,78.15579930555555
2025-03-16,load_median7,114.4020284722222,2.432235797909578,-52.92543125
2025-03-16,load_level_shape,173.25407925507554,3.6162052981267956,142.8843517361103
2025-03-16,pv_median3,211.58956805555553,4.041806514515057,-116.9447138888889
2025-03-16,pv_median7,148.25600555555553,3.962325311857498,-52.295120833333335
2025-03-17,load_median7,107.94013958333335,2.3440569741842396,-39.40212430555559
2025-03-17,load_level_shape,182.57538145448135,3.9897183349363776,146.88945277777762
2025-03-17,pv_median3,204.87572291666666,4.904920423123239,-203.63805763888888
2025-03-17,pv_median7,253.09716805555556,6.2958079701025556,-253.09716805555556
2025-03-18,load_median7,104.57757430555553,2.2650739488552967,-29.24795624999995
2025-03-18,load_level_shape,198.13676496002543,4.292595788231023,172.20220173611168
2025-03-18,pv_median3,147.89821527777778,3.9420392801797295,-11.90703472222223
2025-03-18,pv_median7,132.54818749999998,4.178759206427191,-36.927086111111116
2025-03-19,load_median7,99.71849513888887,2.1695786758397735,-28.983356250000035
2025-03-19,load_level_shape,200.3534144286063,4.291048393577944,180.57356249999992
2025-03-19,pv_median3,117.58645555555556,3.1734472329730714,-29.552986111111117
2025-03-19,pv_median7,135.96367361111112,4.470987506303833,-83.15708750000003
2025-03-20,load_median7,118.24714375,2.700513685290508,-49.59703402777782
2025-03-20,load_level_shape,192.18185694513235,4.099792643802616,148.30786006944504
2025-03-20,pv_median3,126.25593333333333,2.970337739527547,73.9824527777778
2025-03-20,pv_median7,97.67774791666669,3.3067131691262706,31.773332638888853
2025-03-21,load_median7,1823.0849659722226,58.69232793993567,1823.0849659722226
2025-03-21,load_level_shape,173.65342179019785,5.723737526783254,135.15782395833287
2025-03-21,pv_median3,177.4529527777778,3.8283074153895758,-169.91255277777776
2025-03-21,pv_median7,179.78741250000002,4.339646342105445,-171.13
2025-03-22,load_median7,1851.5116055555554,60.16571169509349,1850.4434111111113
2025-03-22,load_level_shape,180.29736749970095,6.008171223067376,157.39938993055563
2025-03-22,pv_median3,132.96318125000002,3.1323092446979652,93.74890069444444
2025-03-22,pv_median7,108.36417222222222,3.506327720722588,35.538974999999986
2025-03-23,load_median7,104.21917361111112,2.2351342462318664,-58.01691111111112
2025-03-23,load_level_shape,176.8974519375325,3.603519061877865,144.5659100694432
2025-03-23,pv_median3,167.38423888888892,4.084190577378775,-94.09698749999997
2025-03-23,pv_median7,172.65185833333334,4.754709104034446,-81.71417777777776
2025-03-24,load_median7,104.58847499999996,2.2976878887931824,-46.13086388888886
2025-03-24,load_level_shape,170.68765052462345,3.7200444948178673,140.39625277777736
2025-03-24,pv_median3,138.6824,3.9354855986086084,-45.49256666666669
2025-03-24,pv_median7,124.14468749999999,4.013071187680444,-84.96254305555554
2025-03-25,load_median7,121.67097708333333,2.6463046615103827,-76.31393819444446
2025-03-25,load_level_shape,168.02512382514712,3.5549719594071667,131.63059340277772
2025-03-25,pv_median3,123.01116319444444,3.5032641414379437,21.14130625
2025-03-25,pv_median7,123.58915347222221,4.3677678628998216,20.329120138888864
2025-03-26,load_median7,102.99490624999993,2.2487012435063924,-54.324900694444445
2025-03-26,load_level_shape,176.50289290650645,3.765631503133112,146.15273750000034
2025-03-26,pv_median3,211.5917756944445,4.5538562908817815,-171.9564451388889
2025-03-26,pv_median7,205.11126180555556,5.763056526924862,-181.3030715277778
2025-03-27,load_median7,117.41734652777778,2.6857447361276954,-65.68701041666668
2025-03-27,load_level_shape,162.36196415772355,3.4666505855413066,120.82394236111128
2025-03-27,pv_median3,125.03974583333336,3.7172922695895645,23.911081944444412
2025-03-27,pv_median7,133.52256805555555,4.699802497369657,-39.70779861111113
2025-03-28,load_median7,1856.2469361111112,60.594876391260655,1856.2469361111112
2025-03-28,load_level_shape,181.55736481960844,6.137205137045868,154.24115520833396
2025-03-28,pv_median3,103.86827152777781,3.2888919408023902,-65.48412569444446
2025-03-28,pv_median7,103.68447708333338,4.0251156001187764,-76.22107152777782
2025-03-29,load_median7,1847.1373444444446,59.8679683617893,1846.8090111111112
2025-03-29,load_level_shape,122.7264443761089,4.079281966688861,86.88893993055551
2025-03-29,pv_median3,180.6620645833333,4.499540230450091,-159.09140902777773
2025-03-29,pv_median7,219.48377083333332,5.998523527577379,-204.59119722222218
2025-03-30,load_median7,109.39707430555553,2.343616207476105,-64.70883819444443
2025-03-30,load_level_shape,115.24533028487917,2.5128082211608045,65.33219201388958
2025-03-30,pv_median3,114.15255555555551,3.671415230981702,-50.26821388888888
2025-03-30,pv_median7,134.17046666666664,5.088139080087433,-89.33881388888888
2025-03-31,load_median7,95.89083680555558,2.0257824336273895,-29.889500694444465
2025-03-31,load_level_shape,135.61644820883268,2.972430949690335,92.42506076388867
2025-03-31,pv_median3,210.96221249999996,4.616809768892625,112.53966944444443
2025-03-31,pv_median7,192.3593680555556,5.585564246186987,43.46298888888888
2025-04-01,load_median7,118.18263125000001,2.6077333093632955,-65.33455347222227
2025-04-01,load_level_shape,132.84132965068977,2.738438516151631,68.70969305555548
2025-04-01,pv_median3,269.3242041666667,5.350943183121797,203.88077361111112
2025-04-01,pv_median7,251.01679097222222,6.2707863317255255,143.56625347222226
2025-04-02,load_median7,120.79145208333333,2.6455479689255426,-68.09510902777778
2025-04-02,load_level_shape,122.84921795622056,2.511416022200732,66.66066770833332
2025-04-02,pv_median3,282.3007,6.676273390050039,122.43180972222227
2025-04-02,pv_median7,291.70042430555554,7.426851743936743,159.25555347222226
2025-04-03,load_median7,124.71392916666663,2.802680379622507,-61.21885555555556
2025-04-03,load_level_shape,127.77165536719015,2.712729263650403,63.91362048611227
2025-04-03,pv_median3,262.02627916666665,5.1812058569126656,-140.5571430555555
2025-04-03,pv_median7,126.01094791666664,4.084688966553913,-40.06066597222217
2025-04-04,load_median7,1860.4169993055557,60.6619989499392,1860.4169993055557
2025-04-04,load_level_shape,125.91637884741642,4.204784899501006,93.89867777777735
2025-04-04,pv_median3,304.5559972222223,5.462240951479275,-303.46500833333334
2025-04-04,pv_median7,158.15500347222223,4.6575161310762345,-145.07950069444445
2025-04-05,load_median7,1824.2923847222223,58.704487607850474,1824.2923847222223
2025-04-05,load_level_shape,115.06790534800977,3.7998110309437094,-2.8289951388887227
2025-04-05,pv_median3,182.67501319444446,4.5495890323906245,99.42662152777781
2025-04-05,pv_median7,138.8992041666667,4.217513495492654,79.66131666666669
2025-04-06,load_median7,95.46855208333338,2.106335609002577,-34.49961597222222
2025-04-06,load_level_shape,102.09622636894011,2.1697153698699805,32.64709722222213
2025-04-06,pv_median3,90.95066944444449,2.257079105709722,-2.7152152777777463
2025-04-06,pv_median7,108.71145138888889,3.2712157743800367,-42.59633194444443
2025-04-07,load_median7,100.30784305555557,2.193020242229026,-29.822695833333317
2025-04-07,load_level_shape,98.27462926160621,2.1320178040087496,38.99012291666624
2025-04-07,pv_median3,196.40877708333332,4.0479982664910406,-39.98206458333337
2025-04-07,pv_median7,179.7994895833333,4.6664322664632305,-89.55554375
2025-04-08,load_median7,100.31259513888888,2.139596712113517,-58.79927291666664
2025-04-08,load_level_shape,103.3889388067296,2.2297280298353965,15.950255555555948
2025-04-08,pv_median3,170.84629305555555,3.89631837330549,-45.15087083333336
2025-04-08,pv_median7,139.24427986111112,3.259304578173225,-56.942717361111136
2025-04-09,load_median7,103.24025486111108,2.1978827920671273,-55.555271527777805
2025-04-09,load_level_shape,110.7756656137212,2.373148633286859,17.30490833333295
2025-04-09,pv_median3,223.33897986111108,4.8898575126854515,190.91569930555556
2025-04-09,pv_median7,226.12972777777773,5.396142188197687,177.18059305555556
2025-04-10,load_median7,115.29408819444446,2.6448699524937074,-58.2009923611111
2025-04-10,load_level_shape,101.02703834647434,2.2343283981819964,17.75987604166689
2025-04-10,pv_median3,173.01877569444446,4.074991406943148,-86.63204513888887
2025-04-10,pv_median7,141.10542569444448,3.9549867497433326,-24.90676875000001
2025-04-11,load_median7,1838.1058118055557,59.60039736134429,1838.1058118055557
2025-04-11,load_level_shape,112.76298328492288,3.8290222663690163,10.800159722222316
2025-04-11,pv_median3,215.27885833333335,5.246504740237225,-174.48836805555558
2025-04-11,pv_median7,191.11878472222222,5.279840391683158,-177.35280972222225
2025-04-12,load_median7,1845.4621027777778,60.22933217090112,1843.7233527777778
2025-04-12,load_level_shape,109.0008906173658,3.7253737782154954,21.522971180556258
2025-04-12,pv_median3,177.34086319444447,4.792065535920704,2.107021527777773
2025-04-12,pv_median7,167.14730624999999,5.494132116394504,-13.05033402777778
2025-04-13,load_median7,108.69459999999998,2.355100768420867,-44.2986513888889
2025-04-13,load_level_shape,108.83209768891152,2.4087602981006535,26.61476388888854
2025-04-13,pv_median3,123.3917513888889,3.657707763248842,52.442831944444436
2025-04-13,pv_median7,109.00946458333337,3.955012590958204,-9.106792361111141
2025-04-14,load_median7,113.01828472222222,2.44344392733413,-68.1787680555556
2025-04-14,load_level_shape,91.69519876026223,1.9460252742671145,-3.459566666667336
2025-04-14,pv_median3,120.22614375000002,4.013064772383087,-53.98623263888889
2025-04-14,pv_median7,137.35555555555555,5.2056310046906,-108.65678750000001
2025-04-15,load_median7,95.90420972222225,2.1459968884466813,-24.39467083333334
2025-04-15,load_level_shape,110.75309215644978,2.4427017329597964,39.71882881944441
2025-04-15,pv_median3,233.61201319444444,5.014470324047031,-138.16637013888882
2025-04-15,pv_median7,227.72597777777776,6.16603477244875,-149.3061333333333
2025-04-16,load_median7,111.61495694444442,2.4163048432695775,-70.9512444444444
2025-04-16,load_level_shape,106.25849780441452,2.256457138037884,4.3813156250001875
2025-04-16,pv_median3,145.5391006944445,3.5554499363816725,98.4284479166667
2025-04-16,pv_median7,127.61627430555558,4.537947094908973,55.46588680555557
2025-04-17,load_median7,102.27535347222222,2.3908657985368134,-45.88595347222224
2025-04-17,load_level_shape,85.0943205074419,1.8503252972963655,17.978525000000346
2025-04-17,pv_median3,111.6980375,3.076731871351614,-20.49011388888886
2025-04-17,pv_median7,106.35788402777777,3.7496468808059653,-34.23445486111108
2025-04-18,load_median7,1870.675645833333,61.257902081752235,1870.675645833333
2025-04-18,load_level_shape,94.58522622646613,3.241720715107996,25.42764583333398
2025-04-18,pv_median3,143.66294861111112,3.1547008001934143,-12.166254166666704
2025-04-18,pv_median7,112.84188333333333,3.356265156358161,-43.04638055555555
2025-04-19,load_median7,1855.8160902777777,60.50701045035781,1853.3737291666666
2025-04-19,load_level_shape,93.81950148971367,3.309517415651294,16.20918819444477
2025-04-19,pv_median3,144.17202638888887,3.7038610112178745,-53.38438333333335
2025-04-19,pv_median7,145.35174791666665,4.303355833817026,-50.90775069444445
2025-04-20,load_median7,99.22181666666668,2.150255493441794,-33.809645833333356
2025-04-20,load_level_shape,80.97088063562614,1.7409228331265274,25.09920104166641
2025-04-20,pv_median3,136.4560138888889,3.3163051737958553,-0.8326277777778033
2025-04-20,pv_median7,139.48925208333335,3.751931150851326,-30.578864583333356
2025-04-21,load_median7,131.28205555555556,2.795587712862542,-89.22043611111116
2025-04-21,load_level_shape,105.35408622160611,2.269701999741739,-28.505860069444175
2025-04-21,pv_median3,203.32819236111106,4.4501767029120165,-202.01988402777772
2025-04-21,pv_median7,220.1666159722222,5.519844688275581,-217.97291319444443
2025-04-22,load_median7,115.87972152777785,2.4537979118420026,-62.0065631944445
2025-04-22,load_level_shape,100.35952248345495,2.0930509955533254,1.2173861111111977
2025-04-22,pv_median3,178.91849583333337,3.7786735169345667,38.917848611111104
2025-04-22,pv_median7,142.6235604166667,3.812160186683252,-13.53457986111111
2025-04-23,load_median7,114.07922361111115,2.42184741065911,-64.30771805555555
2025-04-23,load_level_shape,94.6401518477286,2.09431020438304,-3.1148961805564883
2025-04-23,pv_median3,127.20055277777783,2.611818326818848,8.371113888888921
2025-04-23,pv_median7,157.00624930555557,4.071313398114592,-62.58983263888888
2025-04-24,load_median7,109.08444305555555,2.445140958655549,-39.111102777777774
2025-04-24,load_level_shape,89.30659583373628,1.9976279298853594,11.718652430555554
2025-04-24,pv_median3,195.09477916666665,3.6413675779627344,-161.43694583333337
2025-04-24,pv_median7,203.6057625,4.552719212085021,-180.4261930555556
2025-04-25,load_median7,1868.8864215277774,60.74668640858858,1868.8864215277774
2025-04-25,load_level_shape,105.23763825044995,3.6280168585551125,9.523367013889583
2025-04-25,pv_median3,180.74761944444447,4.49278117184998,-127.9704625
2025-04-25,pv_median7,153.74767916666664,4.6539829992234365,-130.9893583333333
2025-04-26,load_median7,1854.8196229166667,60.27443615751638,1854.8196229166667
2025-04-26,load_level_shape,104.13288487703458,3.589475799823521,3.345601736110786
2025-04-26,pv_median3,305.12017083333336,6.306563022593181,-114.78519583333338
2025-04-26,pv_median7,275.1608090277779,6.374351075615873,-185.36696180555555
2025-04-27,load_median7,103.3070229166667,2.2363390526439804,-17.901828472222217
2025-04-27,load_level_shape,106.47651587508024,2.3801086673369776,28.498306250000496
2025-04-27,pv_median3,198.79181319444444,4.9483432635698295,84.28858680555552
2025-04-27,pv_median7,143.52292986111112,4.825690205774159,-20.120992361111114
2025-04-28,load_median7,115.24091875000002,2.4683288173762192,-48.80194930555561
2025-04-28,load_level_shape,98.68340982240329,2.1299797371634877,10.841518402777474
2025-04-28,pv_median3,357.8221118055556,6.5646389551284186,343.13944097222225
2025-04-28,pv_median7,329.0268888888889,7.59479421746471,310.19870277777784
2025-04-29,load_median7,87.80869097222224,1.9119388159941415,-39.17781874999999
2025-04-29,load_level_shape,70.23853382456944,1.5465194788668954,21.224455208333385
2025-04-29,pv_median3,186.29083611111116,4.217783179023976,-52.39891944444445
2025-04-29,pv_median7,183.3940673611111,5.287589821160788,-99.68342986111111
2025-04-30,load_median7,110.75202847222224,2.4430516692500888,-61.169121527777776
2025-04-30,load_level_shape,99.0395525352755,2.2408901852260206,11.369855902777156
2025-04-30,pv_median3,262.8297173611111,6.300356652763138,-84.68083124999998
2025-04-30,pv_median7,223.60047152777778,6.076137172183824,-59.45934374999999
2025-05-01,load_median7,226.54304652777773,4.928474515891726,-177.02210763888894
2025-05-01,load_level_shape,194.11812923739114,4.185519731101122,-112.22642916666649
2025-05-01,pv_median3,234.05490277777778,5.02738637592135,-91.56779861111112
2025-05-01,pv_median7,144.3310013888889,4.523164614496209,-36.93258749999998
2025-05-02,load_median7,1727.0386499999997,53.78830189979574,1727.0386499999997
2025-05-02,load_level_shape,176.3529761015627,5.721523415110081,-122.22843749999983
2025-05-02,pv_median3,405.48724930555557,8.340310514028369,404.9962298611111
2025-05-02,pv_median7,344.37458680555557,7.814958654575406,340.74830208333333
2025-05-03,load_median7,1724.6481270833333,53.71407535026188,1721.4627104166668
2025-05-03,load_level_shape,186.28545199713497,5.999583481468932,-116.0520152777774
2025-05-03,pv_median3,171.1495347222222,4.012508877523782,14.02281805555556
2025-05-03,pv_median7,142.46735833333332,4.255097118225174,74.32931805555558
2025-05-04,load_median7,223.99886527777778,4.793664123364305,-185.14207916666672
2025-05-04,load_level_shape,199.96243496322708,4.290697618335966,-132.58582847222274
2025-05-04,pv_median3,228.01263749999998,5.986766541954552,-151.35689999999997
2025-05-04,pv_median7,205.0866298611111,5.888311448951054,-107.92602986111108
2025-05-05,load_median7,199.2186229166667,4.250266388006301,-163.67573680555552
2025-05-05,load_level_shape,189.08153303674368,4.032670785856274,-124.86260694444455
2025-05-05,pv_median3,216.8775284722222,5.288243362898962,-18.51995486111111
2025-05-05,pv_median7,236.8810986111111,6.3633165771597096,42.56664166666667
2025-05-06,load_median7,192.66851111111112,4.149247898309923,-160.77199861111112
2025-05-06,load_level_shape,187.76774496732548,3.9974281845268105,-142.11535381944466
2025-05-06,pv_median3,210.42936944444443,3.931857537181834,-52.62800694444442
2025-05-06,pv_median7,209.57139861111108,5.052816094090437,-33.3344083333333
2025-05-07,load_median7,135.8070097222222,2.8361779673249163,-111.31444861111112
2025-05-07,load_level_shape,180.133562250316,3.7673546499596755,-139.39410763888907
2025-05-07,pv_median3,167.94319583333333,3.756298917140486,35.403552777777755
2025-05-07,pv_median7,140.57862430555554,3.6786818577204032,36.602770138888886
2025-05-08,load_median7,127.89869097222224,2.7161088927091863,-46.89060763888891
2025-05-08,load_level_shape,177.6296410004432,3.8091843975394597,-111.20412465277789
2025-05-08,pv_median3,242.73825833333336,5.6553092827191085,98.76250694444444
2025-05-08,pv_median7,204.7541520833333,5.277217619056349,88.06347291666665
2025-05-09,load_median7,1880.190370833333,59.254424223795745,1880.190370833333
2025-05-09,load_level_shape,168.5442682516706,5.495373296753539,-94.24764340277757
2025-05-09,pv_median3,100.22494305555557,2.605765964167853,29.270166666666668
2025-05-09,pv_median7,143.97784374999998,3.4167099191295534,-26.489165972222207
2025-05-10,load_median7,1864.1787763888885,58.71329629377491,1863.7669708333333
2025-05-10,load_level_shape,189.87542445173864,6.111968941755137,-105.76608888888876
2025-05-10,pv_median3,201.5395152777778,5.03324693473151,132.58240833333335
2025-05-10,pv_median7,206.48948680555554,5.616512580201327,162.04690069444445
2025-05-11,load_median7,127.98695416666664,2.7660166098018117,-56.86233611111109
2025-05-11,load_level_shape,194.70014086149448,4.045992253084071,-134.64877847222226
2025-05-11,pv_median3,148.72214722222222,4.312948966839366,-36.40545277777778
2025-05-11,pv_median7,179.1448659722222,5.506288550665352,20.055936805555532
2025-05-12,load_median7,122.88583055555556,2.5667988750255355,-50.099484722222265
2025-05-12,load_level_shape,166.90111496656374,3.469388107740931,-118.04759652777777
2025-05-12,pv_median3,311.4580291666666,5.7076761546820745,-150.95945833333334
2025-05-12,pv_median7,301.2295604166667,6.611593411455273,-123.28216041666666
2025-05-13,load_median7,112.63378055555557,2.3558494352103385,-40.73861527777774
2025-05-13,load_level_shape,154.86504682792057,3.2199040012114835,-104.47858159722199
2025-05-13,pv_median3,119.11554861111114,3.000390507497006,-94.92106111111111
2025-05-13,pv_median7,113.97458125,4.223115992579296,-58.387000694444474
2025-05-14,load_median7,117.47621249999997,2.4956661031165885,-59.83086527777776
2025-05-14,load_level_shape,156.996449946713,3.3016232765462497,-115.7187013888891
2025-05-14,pv_median3,126.76659444444446,3.154543481339436,-28.23490694444444
2025-05-14,pv_median7,130.86804513888885,3.272785151783042,-72.69400347222222
2025-05-15,load_median7,122.0526736111111,2.648357403708183,-21.667704166666695
2025-05-15,load_level_shape,142.1657092564076,3.0033465896446994,-75.90547604166717
2025-05-15,pv_median3,154.89038402777777,3.834339773473107,24.433092361111115
2025-05-15,pv_median7,155.7415708333333,4.039206855646752,-35.370238888888856
2025-05-16,load_median7,1836.5489180555555,57.5564099920202,1836.5489180555555
2025-05-16,load_level_shape,176.57743128284983,5.749324847693151,-112.06094756944405
2025-05-16,pv_median3,206.98795972222223,4.552464438336718,-196.34014166666668
2025-05-16,pv_median7,245.25614583333333,5.518227494240676,-238.2939916666667
2025-05-17,load_median7,1815.9506256944444,56.54880542585301,1811.8328479166667
2025-05-17,load_level_shape,179.1750849756237,5.663358958425843,-131.87206319444405
2025-05-17,pv_median3,250.3141791666667,5.22933482598686,166.55417083333336
2025-05-17,pv_median7,189.22573194444445,4.779531089730409,98.8578611111111
2025-05-18,load_median7,135.80975208333334,2.8949606935264582,-80.35492569444442
2025-05-18,load_level_shape,161.65587059412948,3.4523869994819942,-132.31321944444502
2025-05-18,pv_median3,224.89489236111112,4.668309166685147,61.1175701388889
2025-05-18,pv_median7,156.11959513888885,4.083230755891924,16.196745138888875
2025-05-19,load_median7,122.11186388888889,2.538096035477809,-53.10110972222221
2025-05-19,load_level_shape,156.29485924385537,3.256735151167789,-98.04380173611133
2025-05-19,pv_median3,262.92865694444447,4.746404011883692,-173.25692361111112
2025-05-19,pv_median7,246.9462180555555,5.090937081636325,-209.48230694444445
2025-05-20,load_median7,125.29979166666668,2.6502779348519403,-70.72196250000003
2025-05-20,load_level_shape,152.61201236131149,3.258100949392179,-106.18766909722133
2025-05-20,pv_median3,149.0978756944444,3.666065670568966,71.27167708333332
2025-05-20,pv_median7,153.42702152777778,4.022225710853008,88.59953541666664
2025-05-21,load_median7,124.11599583333333,2.662458206499487,-61.3355597222222
2025-05-21,load_level_shape,149.17495854604323,3.2329053104436927,-96.97058437500078
2025-05-21,pv_median3,287.90532638888885,5.800621794373774,-61.6927125
2025-05-21,pv_median7,225.4241645833333,5.51871691699817,-32.60401041666667
2025-05-22,load_median7,128.9368875,2.8601507340679757,-45.470486111111114
2025-05-22,load_level_shape,132.9656247782893,2.8652607172625433,-75.46469930555533
2025-05-22,pv_median3,117.21499999999997,2.807854028320278,17.133166666666646
2025-05-22,pv_median7,106.78654999999998,3.4264715656185496,-18.918231944444457
2025-05-23,load_median7,1823.8379541666663,56.85601833600459,1823.8379541666663
2025-05-23,load_level_shape,154.23268592112993,4.912740302607451,-124.64593229166618
2025-05-23,pv_median3,121.06597291666668,2.9264624049903882,0.3591729166666748
2025-05-23,pv_median7,111.91700208333334,3.466492680603131,1.646981249999985
2025-05-24,load_median7,1835.903227777778,57.52030936134428,1835.903227777778
2025-05-24,load_level_shape,152.68017865897602,4.954699503294456,-97.22115833333325
2025-05-24,pv_median3,199.10569999999998,4.71868433500595,-87.75907638888889
2025-05-24,pv_median7,204.04779444444446,5.046897753630154,-118.74188055555555
2025-05-25,load_median7,124.48085347222228,2.533852564909305,-66.05697152777782
2025-05-25,load_level_shape,164.55313128923856,3.3983255586014236,-111.70806562499996
2025-05-25,pv_median3,123.67472083333337,2.842782953990923,-93.7545375
2025-05-25,pv_median7,141.5654465277778,3.894599603688457,-112.34500763888887
2025-05-26,load_median7,113.19576527777775,2.456692572317889,-30.739434722222214
2025-05-26,load_level_shape,147.61707247951975,3.138265948252169,-50.68600347222288
2025-05-26,pv_median3,270.15072083333337,5.333980166109884,231.88130694444447
2025-05-26,pv_median7,250.43211944444445,5.583843551985779,205.18478888888887
2025-05-27,load_median7,120.99506527777774,2.5927810717465216,-56.21789166666661
2025-05-27,load_level_shape,140.81002078312312,3.080828984362328,-89.90640381944344
2025-05-27,pv_median3,131.48081874999997,3.100438509863392,-30.512963194444403
2025-05-27,pv_median7,153.26630277777775,3.9014191471628163,-67.52740416666666
2025-05-28,load_median7,121.69718958333335,2.613766903713749,-57.19711319444443
2025-05-28,load_level_shape,139.2279450730163,3.0035194065335524,-79.71979618055573
2025-05-28,pv_median3,248.50772152777776,5.164834010041433,80.57936736111114
2025-05-28,pv_median7,256.8103430555555,5.413197167460068,79.47408333333334
2025-05-29,load_median7,141.11851458333336,3.0455406947529706,-84.30914513888888
2025-05-29,load_level_shape,137.82544964875785,2.868671181608468,-70.74713784722229
2025-05-29,pv_median3,122.45455555555554,2.8496239366538827,14.153395833333327
2025-05-29,pv_median7,196.93405347222222,4.345437890368352,129.66087013888892
2025-05-30,load_median7,1834.2294944444448,57.482024238059346,1834.2294944444448
2025-05-30,load_level_shape,132.68348923815304,4.354127636947576,-59.971390972222466
2025-05-30,pv_median3,239.54596527777773,4.902394534990302,-19.904036111111143
2025-05-30,pv_median7,180.10042361111107,4.472142906965834,36.151712499999945
2025-05-31,load_median7,1838.744990277778,58.009006975738075,1827.3083236111113
2025-05-31,load_level_shape,138.0755764293866,4.4944110698702,-48.04032395833373
2025-05-31,pv_median3,191.16628611111108,4.160147335654616,26.3036125
2025-05-31,pv_median7,176.26669583333333,3.8493074055096477,120.52063194444443
2025-06-01,load_median7,402.4704451388889,7.852402076168094,-399.9452506944445
2025-06-01,load_level_shape,411.4035947967208,8.00557959516431,-393.62875555555513
2025-06-01,pv_median3,432.18635000000006,8.570869542000287,420.4460402777778
2025-06-01,pv_median7,469.0936409722223,9.504243549983451,459.20752708333333
2025-06-02,load_median7,390.4334340277778,7.630589502862012,-375.0516340277778
2025-06-02,load_level_shape,406.361635957333,7.930374327909995,-380.6555565972219
2025-06-02,pv_median3,278.04035,8.042601517544671,239.70682083333335
2025-06-02,pv_median7,369.8360326388889,9.858622597184894,278.63645625000004
2025-06-03,load_median7,356.46702361111113,6.900992025345048,-338.8867569444444
2025-06-03,load_level_shape,408.6877264881087,7.946991115505159,-381.1635993055557
2025-06-03,pv_median3,238.79603055555552,6.22373785124232,75.62534027777777
2025-06-03,pv_median7,271.60298750000004,7.00938775646441,268.5650986111111
2025-06-04,load_median7,319.71711319444444,6.371838906877163,-303.0801048611111
2025-06-04,load_level_shape,419.46129711017187,8.25209394320234,-398.4859413194447
2025-06-04,pv_median3,141.8144722222222,3.759506600541265,-14.477144444444447
2025-06-04,pv_median7,212.15827083333338,4.397668887606046,205.07635
2025-06-05,load_median7,181.19210486111103,3.586988110815808,-128.5658062499999
2025-06-05,load_level_shape,390.9173031397699,7.746050161263149,-366.3302395833334
2025-06-05,pv_median3,166.33995138888884,5.056503974294384,84.50179027777776
2025-06-05,pv_median7,220.00993194444445,5.627241529531812,203.24885555555556
2025-06-06,load_median7,1830.5888423611113,52.34872192075504,1830.5888423611113
2025-06-06,load_level_shape,387.2559297353016,10.862966765024145,-346.432918055556
2025-06-06,pv_median3,315.8579423611111,9.05672922926328,307.2470090277777
2025-06-06,pv_median7,363.0942951388888,10.106766829770754,363.04563124999993
2025-06-07,load_median7,1814.930033333333,51.56331409474208,1813.5328111111112
2025-06-07,load_level_shape,373.51980717001226,10.4640867961173,-353.57738819444455
2025-06-07,pv_median3,222.18492638888887,5.2878597885217955,173.68939722222225
2025-06-07,pv_median7,279.39081527777773,6.316732023212306,276.34876944444443
2025-06-08,load_median7,142.8198111111111,2.747526212903546,-66.05830972222222
2025-06-08,load_level_shape,360.8140945422673,6.962200572774509,-323.83190555555535
2025-06-08,pv_median3,403.00929305555553,7.418001402097662,-397.23509861111114
2025-06-08,pv_median7,298.1147555555556,5.987208726239641,-273.01525
2025-06-09,load_median7,135.69561458333334,2.6530642839143987,-64.10027569444448
2025-06-09,load_level_shape,378.1073276084397,7.332841328316079,-351.2087211805558
2025-06-09,pv_median3,202.78314305555554,4.745238990925086,-125.58145138888888
2025-06-09,pv_median7,150.15900625,4.26493319752986,16.408771527777745
2025-06-10,load_median7,130.86330763888893,2.5983382195172275,-33.42441458333335
2025-06-10,load_level_shape,344.7253789370909,6.875767565955056,-302.3442628472218
2025-06-10,pv_median3,181.61770972222223,4.967167906800645,71.91764861111115
2025-06-10,pv_median7,165.04358541666667,4.685445285091967,66.79936597222225
2025-06-11,load_median7,138.71587499999998,2.6983534999664327,-81.06438472222221
2025-06-11,load_level_shape,359.27887743130367,6.932368769656834,-338.9261694444442
2025-06-11,pv_median3,277.9191104166667,6.3663364967390415,245.30023958333334
2025-06-11,pv_median7,210.01436666666666,5.309972842344415,178.89439027777775
2025-06-12,load_median7,145.6500736111111,2.951109055077538,-57.43507083333332
2025-06-12,load_level_shape,342.1499102614207,6.669715637529178,-319.7783756944443
2025-06-12,pv_median3,127.2823701388889,3.401520276129508,-9.535203472222223
2025-06-12,pv_median7,113.78553125,3.196085577859151,5.512509027777785
2025-06-13,load_median7,1841.2470381944445,52.934058686593154,1841.2470381944445
2025-06-13,load_level_shape,330.87226266010424,9.447754380763966,-301.7835743055558
2025-06-13,pv_median3,197.7128576388889,5.526886141099031,45.66452430555555
2025-06-13,pv_median7,191.7124618055556,5.160026965233818,58.32414236111112
2025-06-14,load_median7,1826.0984250000001,52.407242456157974,1826.0984250000001
2025-06-14,load_level_shape,345.8430777887582,9.836878930279585,-313.2117465277777
2025-06-14,pv_median3,231.66864166666664,5.709216631634335,-120.94558055555555
2025-06-14,pv_median7,161.56822083333333,4.649291481364188,-37.19593611111113
2025-06-15,load_median7,132.3408902777778,2.545228867568747,-53.83063333333332
2025-06-15,load_level_shape,299.83382720379876,5.774617432743331,-278.7634958333341
2025-06-15,pv_median3,157.54366041666668,4.842393830290895,-49.03192291666669
2025-06-15,pv_median7,172.99061249999997,5.877880679439837,-33.68249722222226
2025-06-16,load_median7,131.3645222222223,2.5681352314625814,-71.40114583333333
2025-06-16,load_level_shape,320.59695314849876,6.2268751921184835,-306.5890090277784
2025-06-16,pv_median3,148.23672083333332,5.461350416274759,29.360365277777774
2025-06-16,pv_median7,121.4882826388889,4.047616592098039,15.68121180555555
2025-06-17,load_median7,126.58081875,2.5225996271935838,-56.88443958333334
2025-06-17,load_level_shape,309.51631169287174,6.114469666345588,-289.92291423611107
2025-06-17,pv_median3,188.30830208333336,5.024821136545367,128.57187430555553
2025-06-17,pv_median7,185.34130625,4.580700754694088,100.74162430555556
2025-06-18,load_median7,121.53467777777776,2.4231440414680936,-42.043811111111104
2025-06-18,load_level_shape,296.74027923869943,5.787560014790959,-269.6479434027779
2025-06-18,pv_median3,149.38811180555552,4.295512368737822,-52.172668749999985
2025-06-18,pv_median7,124.87531249999999,3.6034769954972012,-48.10420972222221
2025-06-19,load_median7,156.92434861111116,3.1465170707346877,-68.78883750000003
2025-06-19,load_level_shape,308.5163169552127,5.989236384544302,-289.4632420138884
2025-06-19,pv_median3,245.01640277777778,5.319237539486876,-183.60972777777778
2025-06-19,pv_median7,213.83294513888893,4.713233774720601,-160.83896736111112
2025-06-20,load_median7,1852.2876881944442,53.81316384643918,1852.2876881944442
2025-06-20,load_level_shape,288.9463715080816,8.328784179303456,-267.32891562499987
2025-06-20,pv_median3,156.84024861111115,3.8648255196485715,-112.46947916666669
2025-06-20,pv_median7,165.70023125,4.236186592049841,-130.91351319444445
2025-06-21,load_median7,1840.9966430555553,53.29849025124722,1840.9966430555553
2025-06-21,load_level_shape,288.31443268240423,8.303735546844083,-273.8114111111116
2025-06-21,pv_median3,247.00635277777786,5.767595721400124,-171.91403888888894
2025-06-21,pv_median7,283.02799583333336,6.024201887356082,-231.15404444444448
2025-06-22,load_median7,135.91386597222223,2.6626847150038118,-39.68275069444448
2025-06-22,load_level_shape,260.2469582331928,5.160071634397676,-242.68325868055587
2025-06-22,pv_median3,222.30084722222225,5.393843343467868,23.927094444444478
2025-06-22,pv_median7,197.96522638888894,5.1694239397456245,-79.73112361111112
2025-06-23,load_median7,139.9566111111111,2.8058981808151016,-50.64394861111113
2025-06-23,load_level_shape,281.31239949981256,5.45335019618552,-256.6870559027777
2025-06-23,pv_median3,130.07628749999998,3.3770588425865693,3.0294666666666723
2025-06-23,pv_median7,154.25143750000004,3.6645076259480907,-80.60386111111113
2025-06-24,load_median7,159.68526944444446,3.1304202315862666,-75.59718055555557
2025-06-24,load_level_shape,285.54249070646995,5.548238523068602,-266.06087951388946
2025-06-24,pv_median3,398.17695625000005,10.167437179283219,384.61623125
2025-06-24,pv_median7,316.1979409722222,8.006522865810688,315.66066319444445
2025-06-25,load_median7,128.50370277777776,2.4781566660573633,-46.12784027777778
2025-06-25,load_level_shape,257.070380802153,5.016951955733167,-226.42909548611095
2025-06-25,pv_median3,223.94887083333333,5.702160710371862,73.6277722222222
2025-06-25,pv_median7,197.03441805555556,4.893594078970667,98.46098194444443
2025-06-26,load_median7,138.8147569444444,2.710040196988185,-65.523325
2025-06-26,load_level_shape,269.5318466928912,5.253147187008116,-260.6270642361109
2025-06-26,pv_median3,222.56200277777782,4.9311825143287304,-168.47395833333334
2025-06-26,pv_median7,202.43111805555557,4.603115767700259,-35.40861666666663
2025-06-27,load_median7,1891.6732333333332,56.28704287364656,1891.6732333333332
2025-06-27,load_level_shape,234.53993473691784,6.892576174842009,-195.460393402778
2025-06-27,pv_median3,233.4797701388889,4.65559922847451,-182.98333263888892
2025-06-27,pv_median7,131.64338680555556,3.4526822708323017,-66.60047013888892
2025-06-28,load_median7,1848.9851305555558,54.15731443407724,1845.9099916666664
2025-06-28,load_level_shape,243.4891291951332,7.097151914165299,-232.3701225694448
2025-06-28,pv_median3,202.9513125,4.509157845979119,-12.256834722222202
2025-06-28,pv_median7,159.55510416666667,3.803024771062516,-8.198569444444445
2025-06-29,load_median7,142.91280069444448,2.8407862932950216,-58.992129861111124
2025-06-29,load_level_shape,159.3733902081311,3.087663343646179,-114.31385625000046
2025-06-29,pv_median3,163.1858298611111,3.5361329593216695,94.03770625000003
2025-06-29,pv_median7,170.9421555555556,3.767167310144965,49.24909722222224
2025-06-30,load_median7,135.06605902777775,2.689315033806466,-41.61077013888885
2025-06-30,load_level_shape,161.13560910553764,3.1830348593331594,-95.65842118055606
2025-06-30,pv_median3,201.6086520833333,5.195076695217603,132.1974354166667
2025-06-30,pv_median7,167.0985222222222,4.666682901358324,85.12021527777779
2025-07-01,load_median7,703.7938097222222,12.29511068351714,-703.7938097222222
2025-07-01,load_level_shape,728.4097295138893,12.70958235989314,-728.4097295138893
2025-07-01,pv_median3,246.4694076388889,5.496619907557413,-231.5732979166667
2025-07-01,pv_median7,244.11299166666666,5.710643642293902,-233.20272916666661
2025-07-02,load_median7,665.0913368055556,11.69563079192289,-665.0913368055556
2025-07-02,load_level_shape,727.6394371527768,12.801813484362896,-727.6394371527768
2025-07-02,pv_median3,414.4449645833334,7.865436362955348,-414.18603819444445
2025-07-02,pv_median7,399.96619861111117,7.8448497821309555,-399.71649027777784
2025-07-03,load_median7,645.7473770833333,11.293536693442967,-637.4610520833334
2025-07-03,load_level_shape,750.8534840057414,13.17426237037958,-749.7532190972224
2025-07-03,pv_median3,105.51297013888887,2.5775845537327218,32.746474305555566
2025-07-03,pv_median7,147.6023340277778,3.7352589264069542,-81.29367569444445
2025-07-04,load_median7,1350.6294743055555,33.167213175138954,1350.229370138889
2025-07-04,load_level_shape,773.5564749069285,19.293619553750784,-771.7394190972225
2025-07-04,pv_median3,199.18886736111114,3.3091298346252453,-150.3603770833333
2025-07-04,pv_median7,269.1297048611111,5.1526078529153,-267.8552395833333
2025-07-05,load_median7,1355.544596527778,33.50930735033046,1347.1890409722223
2025-07-05,load_level_shape,746.6558929678911,18.44740918551964,-746.0326368055555
2025-07-05,pv_median3,145.8152048611111,3.331188536591238,-74.34891041666666
2025-07-05,pv_median7,247.9229472222222,4.305098070767076,-228.13330416666668
2025-07-06,load_median7,539.1223375,9.446416072630951,-539.1223375
2025-07-06,load_level_shape,616.0989300853136,10.89455818747227,-615.9349722222235
2025-07-06,pv_median3,213.25225208333336,5.152364556374933,167.55902986111113
2025-07-06,pv_median7,211.34637569444445,4.985347984272402,55.339946527777755
2025-07-07,load_median7,214.91778333333335,3.8044911766229603,-173.97448611111108
2025-07-07,load_level_shape,632.3457215277779,11.215785447667276,-632.3457215277779
2025-07-07,pv_median3,201.6959180555556,4.2263856032477,-107.07931944444447
2025-07-07,pv_median7,196.4487722222223,4.110736903012945,-171.67175277777778
2025-07-08,load_median7,159.18935347222225,2.776448072847449,-77.51599930555557
2025-07-08,load_level_shape,586.6644204784186,10.27472363160879,-586.371966319445
2025-07-08,pv_median3,184.85545902777778,5.314509864355066,10.007053472222204
2025-07-08,pv_median7,194.72909236111113,6.017990285229176,-19.769206249999993
2025-07-09,load_median7,139.32108680555558,2.407263596787379,-54.19515902777775
2025-07-09,load_level_shape,583.4675278938685,10.285329660925063,-582.5400538194436
2025-07-09,pv_median3,163.30423819444442,3.683368008152156,-62.80887847222222
2025-07-09,pv_median7,151.13374930555554,3.8293137640429826,-30.639931250000004
2025-07-10,load_median7,167.85562986111117,3.1327683921225744,-47.621674305555565
2025-07-10,load_level_shape,563.5465882059614,9.945798879340801,-560.0119215277786
2025-07-10,pv_median3,160.46133333333333,3.424434666246264,-58.87522083333332
2025-07-10,pv_median7,133.78652847222224,3.095920240143159,-99.83518819444448
2025-07-11,load_median7,1852.8207965277777,46.40438206142142,1852.8207965277777
2025-07-11,load_level_shape,599.6217100694444,15.176751825199947,-599.6217100694444
2025-07-11,pv_median3,263.82327222222216,5.054332936178908,167.5041472222223
2025-07-11,pv_median7,250.83633888888892,5.587578366828971,157.1556861111111
2025-07-12,load_median7,1828.7673506944443,45.45333073868033,1828.7673506944443
2025-07-12,load_level_shape,595.1480124999998,14.878123560177869,-595.1480124999998
2025-07-12,pv_median3,143.2204888888889,3.2051994630015237,59.544544444444455
2025-07-12,pv_median7,123.34398958333337,2.8391644785840504,65.29246180555556
2025-07-13,load_median7,154.6634277777778,2.860369393455349,-29.024193055555607
2025-07-13,load_level_shape,540.3719126694591,9.494297854861035,-539.1330527777781
2025-07-13,pv_median3,255.99397291666668,4.404227505770561,-250.6684201388889
2025-07-13,pv_median7,241.79327569444442,4.30481219959972,-236.82742013888887
2025-07-14,load_median7,152.46823194444448,2.6553741248222353,-87.22635555555554
2025-07-14,load_level_shape,584.3481496467747,10.215930183446803,-579.4862881944443
2025-07-14,pv_median3,200.33100555555563,4.014433645443503,-162.29485833333334
2025-07-14,pv_median7,147.31981388888892,3.5882443591540496,-123.39804999999998
2025-07-15,load_median7,160.83535833333337,2.9419435208088225,-30.287300000000023
2025-07-15,load_level_shape,511.1389856253075,8.959413097256524,-507.5849781250006
2025-07-15,pv_median3,246.82079583333336,5.489158873765768,48.59159166666667
2025-07-15,pv_median7,236.61086250000002,5.0251731128086865,-3.2289986111110998
2025-07-16,load_median7,199.76671944444445,3.5158377919943016,-78.07448611111114
2025-07-16,load_level_shape,533.01613611111,9.246221227533677,-533.01613611111
2025-07-16,pv_median3,143.11097916666665,3.5576344579350354,31.183127777777788
2025-07-16,pv_median7,165.3297236111111,3.9959281971421143,-58.54049027777781
2025-07-17,load_median7,171.6866993055556,3.1227554449470674,-57.50280763888895
2025-07-17,load_level_shape,502.2809434613889,8.931764066064424,-501.4049725694449
2025-07-17,pv_median3,200.51504513888892,4.616021194378945,65.09350763888891
2025-07-17,pv_median7,117.68397500000002,3.4634216143881513,18.34517777777781
2025-07-18,load_median7,1847.6550701388887,46.58584604959402,1847.6550701388887
2025-07-18,load_level_shape,507.6974225694451,12.963937179930873,-507.6974225694451
2025-07-18,pv_median3,272.1328909722222,5.4891754789634115,225.05524652777774
2025-07-18,pv_median7,223.9591708333333,4.940789816915045,204.88570833333335
2025-07-19,load_median7,1815.7149645833333,45.515024678073665,1811.553020138889
2025-07-19,load_level_shape,532.7755766220255,13.344244247924067,-530.5796434027778
2025-07-19,pv_median3,136.67152986111114,3.2267717429591016,-60.67964652777781
2025-07-19,pv_median7,128.20171180555556,3.64101493269937,-3.9599395833333517
2025-07-20,load_median7,147.8797048611111,2.643564843884966,-29.530995138888922
2025-07-20,load_level_shape,457.7771487936708,8.077283893464248,-455.90902048611184
2025-07-20,pv_median3,160.40623680555558,4.128446283125631,-32.95459375000001
2025-07-20,pv_median7,126.25563194444443,3.4680979816845774,36.19252777777778
2025-07-21,load_median7,166.91572847222224,2.98361366127216,-28.52289930555559
2025-07-21,load_level_shape,442.866118967655,7.932127027021625,-441.3848041666672
2025-07-21,pv_median3,186.29808888888886,4.7887131696628025,39.11747222222222
2025-07-21,pv_median7,165.34066874999996,5.067643537067436,112.54164652777776
2025-07-22,load_median7,163.64841527777784,2.904247017167731,-98.09882916666669
2025-07-22,load_level_shape,491.8371147369062,8.639616495860096,-490.38302673611116
2025-07-22,pv_median3,190.29534097222222,4.365107197105917,11.983681250000002
2025-07-22,pv_median7,181.49069444444442,4.702387364537828,17.823336111111114
2025-07-23,load_median7,162.09753611111117,2.808976884094055,-93.6243444444445
2025-07-23,load_level_shape,460.9072166666667,8.016580905677925,-460.9072166666667
2025-07-23,pv_median3,184.86263333333332,4.282035581371256,26.76609861111112
2025-07-23,pv_median7,175.9735472222222,4.9958548701187295,38.13986805555556
2025-07-24,load_median7,174.59873125000004,3.245475314425999,-73.28891875000005
2025-07-24,load_level_shape,451.00380822136054,8.053159436205085,-450.5562788194441
2025-07-24,pv_median3,170.23258333333337,4.531146794118072,-16.85699861111113
2025-07-24,pv_median7,207.5920722222222,5.590559941136651,16.33905972222222
2025-07-25,load_median7,1851.106977083333,47.59166831353061,1851.106977083333
2025-07-25,load_level_shape,419.26888319336695,10.854487976838275,-418.1807076388893
2025-07-25,pv_median3,176.7406284722222,4.306478297624819,-24.09007013888889
2025-07-25,pv_median7,111.81630625000004,3.7619716700632724,-21.452664583333334
2025-07-26,load_median7,1817.6433555555554,46.464418427105656,1816.4048833333334
2025-07-26,load_level_shape,436.7804791666665,11.04516313976171,-436.7804791666665
2025-07-26,pv_median3,166.88458194444445,4.655510284272664,50.801848611111126
2025-07-26,pv_median7,156.14324236111113,5.119760408582322,50.43455347222227
2025-07-27,load_median7,133.44591041666666,2.4100489596491457,-55.366214583333345
2025-07-27,load_level_shape,410.5184559027784,7.4042018201520134,-410.5184559027784
2025-07-27,pv_median3,155.6959402777778,5.340736527083818,62.475305555555536
2025-07-27,pv_median7,149.56305000000003,5.322988931070492,51.24178055555554
2025-07-28,load_median7,159.78002083333328,2.8376789654283403,-53.70819999999995
2025-07-28,load_level_shape,422.50534659297733,7.479510022177327,-421.0056645833327
2025-07-28,pv_median3,230.52512777777778,5.912970409254186,211.37519305555557
2025-07-28,pv_median7,225.0045618055555,6.2594447229794845,214.22876597222222
2025-07-29,load_median7,158.00120555555554,2.8115835096301,-54.97961111111108
2025-07-29,load_level_shape,219.28996965657447,3.8782901461526036,-188.2873093749998
2025-07-29,pv_median3,171.82615069444444,4.541213096163815,45.43535625000001
2025-07-29,pv_median7,189.1005173611111,4.955210284398185,113.31677291666665
2025-07-30,load_median7,146.82786875,2.629563011531654,-65.71601736111111
2025-07-30,load_level_shape,209.50918658670213,3.702606686247705,-184.55940902777795
2025-07-30,pv_median3,181.58355138888888,4.297181473071207,-82.45270972222221
2025-07-30,pv_median7,172.20178819444448,4.900706317948482,1.4738243055555686
2025-07-31,load_median7,156.82629375,2.961884987501471,-33.14213819444445
2025-07-31,load_level_shape,202.06150727025988,3.65460215250251,-156.01019270833345
2025-07-31,pv_median3,134.89586874999998,3.4493476143748176,-33.635093750000024
2025-07-31,pv_median7,115.59318055555553,3.8846506004644032,53.43025833333333
2025-08-01,load_median7,1807.7684847222222,46.14811391392313,1807.7684847222222
2025-08-01,load_level_shape,237.86134596582653,6.109671326034087,-215.3456982638883
2025-08-01,pv_median3,363.44814236111114,7.010527578040929,-363.1049631944445
2025-08-01,pv_median7,335.9268972222222,7.102048050663584,-334.6369666666667
2025-08-02,load_median7,1860.9604243055555,48.2364209604637,1855.9843131944444
2025-08-02,load_level_shape,186.20468384274676,4.786132067324008,-141.25080729166723
2025-08-02,pv_median3,245.7476368055555,4.474834281862626,-205.92669791666665
2025-08-02,pv_median7,291.0386416666667,5.667227480558081,-284.37632638888886
2025-08-03,load_median7,144.2975270833334,2.6535533970743055,-81.52576736111114
2025-08-03,load_level_shape,219.48980794751049,4.003454373183817,-203.07977847222287
2025-08-03,pv_median3,255.00441041666656,4.258924536534375,-242.24078402777772
2025-08-03,pv_median7,445.88434583333327,7.401915383677725,-443.9932694444444
2025-08-04,load_median7,164.65825486111112,2.92397346608012,-90.57124930555558
2025-08-04,load_level_shape,237.7897184769946,4.115481561346251,-213.04223923611147
2025-08-04,pv_median3,117.89910763888889,3.0075447649164415,-36.66213263888889
2025-08-04,pv_median7,286.52870277777777,5.479513832578817,-276.76339722222224
2025-08-05,load_median7,156.23443680555556,2.8211398766950655,-12.501664583333346
2025-08-05,load_level_shape,177.79640942958858,3.198002631847613,102.34602847222153
2025-08-05,pv_median3,140.70780833333328,3.8750396939410856,65.07638749999997
2025-08-05,pv_median7,130.20440486111113,4.14049321667539,-66.20773680555556
2025-08-06,load_median7,167.8630791666666,3.0726833155272097,-37.787852777777715
2025-08-06,load_level_shape,180.15694608160675,3.3176833531544534,92.54630173611122
2025-08-06,pv_median3,210.00114652777773,4.604853105225829,192.5043895833333
2025-08-06,pv_median7,190.1733451388889,4.722283008437408,86.84123263888891
2025-08-07,load_median7,183.3730152777778,3.4704076321187625,-57.36031388888892
2025-08-07,load_level_shape,161.5467784714318,2.9828901860126007,54.667131249999066
2025-08-07,pv_median3,118.09222152777777,2.3641511013009304,-66.92803124999998
2025-08-07,pv_median7,128.45117708333333,3.077484937617113,-95.02583402777775
2025-08-08,load_median7,1853.9828861111112,48.39520913828808,1853.9828861111112
2025-08-08,load_level_shape,140.38465197774497,3.850795861024228,76.41315729166621
2025-08-08,pv_median3,187.4093555555556,3.6726656610936397,-119.01038472222223
2025-08-08,pv_median7,186.4950027777778,4.30238954822252,-117.34569305555559
2025-08-09,load_median7,1871.2379291666666,49.35397144488085,1870.623901388889
2025-08-09,load_level_shape,146.99166708152214,4.087229040643783,86.29730520833286
2025-08-09,pv_median3,186.58198194444444,4.507765834191154,70.2141
2025-08-09,pv_median7,151.77411041666664,4.59681785238395,52.652186805555566
2025-08-10,load_median7,152.91742222222217,2.722908151663639,-55.693305555555554
2025-08-10,load_level_shape,145.2897404767248,2.6278509303042776,64.62068750000093
2025-08-10,pv_median3,213.87116874999998,4.320057947407035,113.32368263888885
2025-08-10,pv_median7,167.4398875,4.148387916805054,64.75922499999997
2025-08-11,load_median7,159.32559444444445,2.9234482022457113,-64.29442361111109
2025-08-11,load_level_shape,157.32676787346676,2.866390327510593,77.01204895833287
2025-08-11,pv_median3,141.46843472222227,2.6801526361210732,3.549487499999944
2025-08-11,pv_median7,135.56082847222228,3.872698471620454,18.385342361111096
2025-08-12,load_median7,156.4498465277778,2.8841232462432913,-89.1788173611111
2025-08-12,load_level_shape,146.07053162256022,2.6923005691738586,94.88355277777768
2025-08-12,pv_median3,226.71608611111117,4.989970443117821,106.75638611111111
2025-08-12,pv_median7,214.34799097222225,5.907638677242789,131.65133958333337
2025-08-13,load_median7,162.6447909722222,2.968505515479793,-81.76676736111114
2025-08-13,load_level_shape,165.4799904233207,3.0691319525037364,99.55007743055569
2025-08-13,pv_median3,155.52960972222223,3.8354619932641034,24.507480555555574
2025-08-13,pv_median7,140.34369027777777,3.9624813811811834,45.47746805555555
2025-08-14,load_median7,180.5765722222222,3.4054982708599684,-55.597173611111074
2025-08-14,load_level_shape,168.29489431828728,3.17229048119791,92.7795937499996
2025-08-14,pv_median3,187.57187847222218,6.313741189625466,-6.072464583333312
2025-08-14,pv_median7,140.86578124999997,6.788457581710253,66.1360576388889
2025-08-15,load_median7,1857.8868145833335,49.08608513118171,1857.8868145833335
2025-08-15,load_level_shape,156.50345773995528,4.3143897953123425,107.04475520833316
2025-08-15,pv_median3,186.5038694444445,4.296783899335973,-120.02166111111114
2025-08-15,pv_median7,138.7474597222223,5.033414868016899,-60.66709027777782
2025-08-16,load_median7,1848.908790277778,48.62618982798104,1848.908790277778
2025-08-16,load_level_shape,161.15528347643365,4.347145605399323,91.30986354166635
2025-08-16,pv_median3,175.07648472222223,4.096215950502236,-89.57791527777783
2025-08-16,pv_median7,152.08355277777778,4.963264770207413,-89.8246833333334
2025-08-17,load_median7,150.39335625,2.7640078672348594,-34.96716041666667
2025-08-17,load_level_shape,179.34618618025695,3.3404355493333884,113.21769652777749
2025-08-17,pv_median3,132.89558055555554,3.989425396613058,-24.768604166666695
2025-08-17,pv_median7,144.65585555555558,6.548225444471561,-43.550041666666694
2025-08-18,load_median7,157.33157499999996,2.879654832158412,-61.873744444444434
2025-08-18,load_level_shape,168.9129766941818,3.093449929849858,106.68241562499942
2025-08-18,pv_median3,145.3870590277778,4.194600922315687,50.40879652777777
2025-08-18,pv_median7,135.82245486111117,5.203947705714432,2.0320770833333004
2025-08-19,load_median7,167.94606319444443,3.0157829042601416,-54.08183263888893
2025-08-19,load_level_shape,192.8000995063036,3.458120920223643,147.92996180555562
2025-08-19,pv_median3,147.00515555555555,3.718378837109408,29.4188513888889
2025-08-19,pv_median7,135.97149652777776,4.712277698787135,-3.2438993055556136
2025-08-20,load_median7,153.16245833333332,2.8347153339337554,-52.07765416666667
2025-08-20,load_level_shape,194.81906401202798,3.6495119743459306,162.047723958333
2025-08-20,pv_median3,318.9183354166667,7.975711405297228,302.49295763888887
2025-08-20,pv_median7,314.9433611111111,9.375683071317459,291.34145138888886
2025-08-21,load_median7,149.7847375,2.743158020251592,-61.472990277777726
2025-08-21,load_level_shape,165.03279052149222,2.9959544842894967,132.95694652777718
2025-08-21,pv_median3,136.36273055555552,3.345595242633962,15.835773611111083
2025-08-21,pv_median7,164.3296965277778,4.817426993391272,73.22844652777778
2025-08-22,load_median7,1788.0298777777778,46.80425536098023,1788.0298777777778
2025-08-22,load_level_shape,166.88076178111518,4.54377830418744,83.55839548611138
2025-08-22,pv_median3,156.90415833333338,3.062121796178045,-13.413179166666648
2025-08-22,pv_median7,139.41285694444443,3.98943860238563,63.202443055555555
2025-08-23,load_median7,1823.3532458333332,48.34318331309817,1822.8042180555556
2025-08-23,load_level_shape,153.8831249466908,4.239014716157877,111.57586840277742
2025-08-23,pv_median3,176.31861874999998,3.3084323164444207,67.03559652777778
2025-08-23,pv_median7,166.50812083333332,3.7431900820351993,129.0639652777778
2025-08-24,load_median7,157.5360291666667,2.8189143816158913,-67.37648333333333
2025-08-24,load_level_shape,169.73520940439727,3.161311095441023,125.76124236111082
2025-08-24,pv_median3,219.33128333333332,4.209247229900518,-94.99460694444446
2025-08-24,pv_median7,201.45774583333332,4.42706779952604,-70.07663749999999
2025-08-25,load_median7,137.30280138888895,2.577502817197632,-51.42318888888888
2025-08-25,load_level_shape,185.58977797226967,3.4993970503053777,156.62245590277712
2025-08-25,pv_median3,236.13977083333333,6.307688638032976,219.8565361111111
2025-08-25,pv_median7,255.13394444444444,7.20291578361966,234.2765222222222
2025-08-26,load_median7,159.79596319444448,2.992070074680322,-48.15882013888892
2025-08-26,load_level_shape,209.98526534415842,4.188897839756724,189.40991805555507
2025-08-26,pv_median3,149.54597708333333,3.383949169200455,-68.12016458333338
2025-08-26,pv_median7,156.25206805555553,4.633078020513418,-15.348343055555558
2025-08-27,load_median7,132.39327708333334,2.424183488273439,-31.959384027777837
2025-08-27,load_level_shape,221.66978335374566,4.175376359635314,214.5340392361119
2025-08-27,pv_median3,172.07361527777778,4.546483781603178,112.53068749999996
2025-08-27,pv_median7,171.52421944444444,6.801521602856571,89.0901458333333
2025-08-28,load_median7,189.31936319444446,3.600454309885874,-74.78912152777778
2025-08-28,load_level_shape,205.28141110255993,3.9770932772503236,150.7895437499992
2025-08-28,pv_median3,265.2604326388889,5.9020028531122,110.69977013888888
2025-08-28,pv_median7,252.57427500000006,7.068472219579139,179.71551527777774
2025-08-29,load_median7,1847.8241909722226,49.433262007848455,1847.8241909722226
2025-08-29,load_level_shape,202.0068841465959,5.67494316982369,175.3666392361114
2025-08-29,pv_median3,118.63109791666668,3.7664174361297342,44.31385763888892
2025-08-29,pv_median7,134.49525625,5.792670615533743,74.41657013888891
2025-08-30,load_median7,1818.9893979166668,49.04274889220919,1818.79273125
2025-08-30,load_level_shape,177.0459842018806,5.08067201065235,139.57831215277793
2025-08-30,pv_median3,248.35604236111112,4.974575822290558,-193.7537715277777
2025-08-30,pv_median7,208.71663958333332,5.698779649932224,-148.7403784722222
2025-08-31,load_median7,157.29214861111112,3.0229688010868805,-28.62027916666668
2025-08-31,load_level_shape,219.2466927949191,4.353632087107749,196.70755763888914
2025-08-31,pv_median3,121.4424715277778,3.4655817221606107,3.407335416666677
2025-08-31,pv_median7,121.73720833333336,4.4540967207436,29.918862500000007
2025-09-01,load_median7,468.26030902777774,10.053519294117146,456.61853124999993
2025-09-01,load_level_shape,708.6222260416657,15.133232997800405,708.6222260416657
2025-09-01,pv_median3,152.06855416666673,4.391153704700393,-18.384466666666672
2025-09-01,pv_median7,162.21186736111113,5.2657601334691595,-37.28825902777778
2025-09-02,load_median7,382.5802798611111,8.140965568083347,362.50880486111106
2025-09-02,load_level_shape,664.3061149305556,14.30407351974912,664.3061149305556
2025-09-02,pv_median3,194.62788402777775,5.024117783964263,13.323631250000037
2025-09-02,pv_median7,143.90528333333336,5.06338618776062,-16.138576388888893
2025-09-03,load_median7,126.90474583333334,2.7060666089586864,53.96417499999998
2025-09-03,load_level_shape,672.3545701388889,14.22247069516675,672.3545701388889
2025-09-03,pv_median3,186.9162354166667,5.631286172720672,54.617014583333344
2025-09-03,pv_median7,172.25305486111114,6.781381128095804,35.854047916666666
2025-09-04,load_median7,138.41288749999995,2.9650268026189175,13.769204166666704
2025-09-04,load_level_shape,670.6302508834326,14.622773119477886,669.8275440972224
2025-09-04,pv_median3,220.3045819444445,6.6080187947209295,12.073880555555585
2025-09-04,pv_median7,191.02390347222223,7.649111594848192,-2.427609027777786
2025-09-05,load_median7,1889.3838187499996,58.883071441526646,1889.3838187499996
2025-09-05,load_level_shape,683.6349961392924,22.463613854742846,683.1686437499992
2025-09-05,pv_median3,175.26085833333335,4.2225635988407255,-95.07965694444448
2025-09-05,pv_median7,134.29102222222224,4.991876518742801,-55.82012777777777
2025-09-06,load_median7,1863.8301916666667,57.624784815063144,1860.1599138888887
2025-09-06,load_level_shape,629.4443256944448,20.61314684240688,629.4443256944448
2025-09-06,pv_median3,279.20009374999995,5.526794217414523,-51.01022291666665
2025-09-06,pv_median7,242.89918680555553,6.857082564238154,-29.846336805555527
2025-09-07,load_median7,133.44791041666667,2.7913767654971373,-16.188686805555502
2025-09-07,load_level_shape,689.5164282743827,14.949333325386228,688.2481833333325
2025-09-07,pv_median3,131.46266666666665,2.740437868458738,110.36736805555553
2025-09-07,pv_median7,123.51717152777776,4.083345091983601,74.68664236111113
2025-09-08,load_median7,125.18710694444445,2.6004350135833225,-73.94843611111109
2025-09-08,load_level_shape,663.5432725694436,14.15054018721319,663.5432725694436
2025-09-08,pv_median3,272.76282291666666,5.682481182743079,211.77127986111114
2025-09-08,pv_median7,241.19141319444446,5.677339824474541,221.38805486111116
2025-09-09,load_median7,130.72275624999997,2.7517503796096316,-63.529674305555574
2025-09-09,load_level_shape,644.4088086805561,13.878444867407119,644.4088086805561
2025-09-09,pv_median3,270.9120027777778,5.081139041529584,-84.03096111111107
2025-09-09,pv_median7,209.0904916666667,4.8538579558286195,-59.526813888888846
2025-09-10,load_median7,125.76331736111112,2.6296527874760103,-67.94026874999999
2025-09-10,load_level_shape,640.3441734261031,13.69344364832284,639.8855836805554
2025-09-10,pv_median3,218.26907638888892,6.16278680357473,194.0309375
2025-09-10,pv_median7,266.40541805555563,7.226590879534876,260.10278611111113
2025-09-11,load_median7,128.12126527777778,2.7675037233732596,-44.924595833333356
2025-09-11,load_level_shape,654.5626244638679,14.240016407981768,651.9427736111103
2025-09-11,pv_median3,257.5548791666667,5.198298016362201,-196.64702638888892
2025-09-11,pv_median7,155.2909430555556,4.714467491602437,-70.55818194444443
2025-09-12,load_median7,1824.5877916666666,56.44365551268292,1824.5877916666666
2025-09-12,load_level_shape,622.0935892361114,20.371109808127713,622.0935892361114
2025-09-12,pv_median3,167.96169236111106,4.452134299446993,72.46758124999995
2025-09-12,pv_median7,123.48827916666667,5.896512054311151,74.76671388888887
2025-09-13,load_median7,1850.5729583333332,57.571994174621175,1850.5729583333332
2025-09-13,load_level_shape,632.5040805555556,20.88917024065811,632.5040805555556
2025-09-13,pv_median3,189.80282152777778,4.333652691110544,-128.84535347222223
2025-09-13,pv_median7,198.261975,6.695390217624124,-82.42957777777781
2025-09-14,load_median7,143.67289236111114,3.025446352265236,-73.34839791666666
2025-09-14,load_level_shape,613.2074707757074,13.27602269117648,613.1077059027778
2025-09-14,pv_median3,201.2758201388889,4.106304522017035,190.28040763888885
2025-09-14,pv_median7,174.79768680555554,6.126398051458069,163.23341874999994
2025-09-15,load_median7,134.9095125,2.8256259137776296,-46.41621388888888
2025-09-15,load_level_shape,637.7685528770263,13.697145886040119,637.7578847222225
2025-09-15,pv_median3,200.52035694444444,4.563240616460448,-80.89993750000001
2025-09-15,pv_median7,191.48181111111114,6.169851467267667,-77.02152777777782
2025-09-16,load_median7,144.21660555555556,2.9958354935363496,-102.98394305555553
2025-09-16,load_level_shape,586.2751927502773,12.329659942623822,586.1721923611119
2025-09-16,pv_median3,212.86764166666666,4.470928542668497,146.42780694444443
2025-09-16,pv_median7,153.7148673611111,4.8514930521722155,107.95109513888887
2025-09-17,load_median7,128.4283604166667,2.6924827489003476,-54.947102083333334
2025-09-17,load_level_shape,620.3764967953986,13.232026620095835,619.7179343750009
2025-09-17,pv_median3,177.87695277777777,4.724248051851717,68.93421944444448
2025-09-17,pv_median7,147.8231222222222,6.254476424809413,115.27176944444444
2025-09-18,load_median7,125.71443750000006,2.760984111631219,-52.996787500000025
2025-09-18,load_level_shape,610.6687228188122,13.307084884267628,610.4087819444435
2025-09-18,pv_median3,133.38209791666662,3.7497783872171313,37.23914930555552
2025-09-18,pv_median7,130.94410694444446,5.24443836611521,89.0947819444444
2025-09-19,load_median7,1840.052929861111,57.136635625304535,1840.052929861111
2025-09-19,load_level_shape,623.4486506944442,20.584966366543423,623.4486506944442
2025-09-19,pv_median3,119.25850624999998,4.287044284540023,84.5810090277778
2025-09-19,pv_median7,172.3166798611111,6.716519298416646,165.87740625
2025-09-20,load_median7,1838.2362145833333,57.221907007864424,1838.2362145833333
2025-09-20,load_level_shape,608.7337774305552,20.190316650007023,608.7337774305552
2025-09-20,pv_median3,153.88653680555555,5.467589785122431,37.764888194444445
2025-09-20,pv_median7,153.59176180555556,7.572937705886217,90.28887152777777
2025-09-21,load_median7,122.43445555555562,2.5242283813106035,-58.911925000000046
2025-09-21,load_level_shape,598.1796236111119,12.975912188249106,598.1796236111119
2025-09-21,pv_median3,182.28665347222218,4.414405033980127,-86.79023819444443
2025-09-21,pv_median7,159.02072083333334,5.880302859002885,-51.23000416666665
2025-09-22,load_median7,134.29353750000004,2.839579420672937,-72.69308750000002
2025-09-22,load_level_shape,579.3876710869271,12.307681335045286,578.8688541666652
2025-09-22,pv_median3,78.94330000000001,2.3327568130072143,-35.03076527777778
2025-09-22,pv_median7,79.23706458333332,4.582162237949916,28.793367361111123
2025-09-23,load_median7,124.9178826388889,2.6157037393611597,-68.35520625000002
2025-09-23,load_level_shape,570.1850864583323,12.39040831931797,570.1850864583323
2025-09-23,pv_median3,129.7111284722222,3.6038371022941544,77.84403819444445
2025-09-23,pv_median7,127.61081458333332,5.068362789043406,74.05888819444442
2025-09-24,load_median7,127.74619166666668,2.70523535536414,-63.220190277777824
2025-09-24,load_level_shape,558.5010194444445,11.865344376474615,558.5010194444445
2025-09-24,pv_median3,115.68139444444445,3.2428233773810837,32.78911527777777
2025-09-24,pv_median7,107.3216222222222,3.7841093767096954,22.765799999999977
2025-09-25,load_median7,136.08162222222225,3.0231393181984405,-46.44166527777779
2025-09-25,load_level_shape,592.1729932570204,12.57095032006832,592.1441909722216
2025-09-25,pv_median3,78.39892361111107,2.5527070174573936,-2.488413888888857
2025-09-25,pv_median7,95.03049583333329,4.221938645320177,8.416351388888923
2025-09-26,load_median7,1880.743390972222,59.377625266570575,1880.743390972222
2025-09-26,load_level_shape,623.6288310970335,20.941602958600047,623.0767267361111
2025-09-26,pv_median3,160.73279583333334,3.6328979475924568,146.00364166666662
2025-09-26,pv_median7,157.61782569444443,4.537604882014805,152.69627291666666
2025-09-27,load_median7,1809.6794451388887,55.782970412640196,1807.7676395833332
2025-09-27,load_level_shape,561.247038191525,18.375271864695335,558.9727149305551
2025-09-27,pv_median3,196.72814513888886,4.430412741856243,45.294507638888895
2025-09-27,pv_median7,178.43488680555555,5.233535113999373,76.30469513888889
2025-09-28,load_median7,131.52183125,2.8305370016727354,-44.059353472222234
2025-09-28,load_level_shape,576.1290013888885,12.322749381444256,576.1290013888885
2025-09-28,pv_median3,140.85924305555557,3.908578258222089,89.29843333333332
2025-09-28,pv_median7,150.68120069444444,5.151881868231852,131.75059652777782
2025-09-29,load_median7,145.88623680555554,3.08518378800424,-81.21861458333335
2025-09-29,load_level_shape,292.76173587793244,6.434619209341595,285.19534548611074
2025-09-29,pv_median3,78.80343958333339,2.495009906565175,-53.78652291666668
2025-09-29,pv_median7,82.11424375000003,3.324397951243041,40.376152083333324
2025-09-30,load_median7,121.83103888888887,2.6187478828489055,-73.2904138888889
2025-09-30,load_level_shape,310.65576897640665,6.711907071793538,299.5710680555565
2025-09-30,pv_median3,149.7496375,4.838823415007012,81.71360694444444
2025-09-30,pv_median7,170.92856250000003,6.955997213759788,125.07953472222223
2025-10-01,load_median7,165.5099965277778,3.705812233720613,88.34748125000003
2025-10-01,load_level_shape,439.046642682887,10.138599468310826,433.0247729166665
2025-10-01,pv_median3,436.9804333333334,7.137728787161114,-432.4529791666667
2025-10-01,pv_median7,408.37822222222223,7.756358296588978,-400.5814472222222
2025-10-02,load_median7,160.05729374999999,3.647330186308241,51.31108263888892
2025-10-02,load_level_shape,445.49179233103996,10.241199131100853,440.4493756944442
2025-10-02,pv_median3,281.1321159722222,5.536942545684653,-279.5242493055555
2025-10-02,pv_median7,314.4675590277777,6.993787917473705,-309.8550243055555
2025-10-03,load_median7,1899.2458083333331,62.29484430330913,1899.2458083333331
2025-10-03,load_level_shape,437.25805539736496,15.982741424966306,436.81619583333344
2025-10-03,pv_median3,74.29875694444448,2.734717878035623,11.397558333333329
2025-10-03,pv_median7,231.10006666666666,6.026165267159919,-224.5450263888889
2025-10-04,load_median7,1862.8614875,60.46482509276634,1862.8614875
2025-10-04,load_level_shape,433.4916055058205,15.50657199358586,420.33395138888864
2025-10-04,pv_median3,231.6782208333334,5.931243231335729,224.93253472222224
2025-10-04,pv_median7,92.0078111111111,4.517149330651212,47.50052222222226
2025-10-05,load_median7,101.58649583333333,2.1943793519014774,-21.47445972222221
2025-10-05,load_level_shape,412.1772219522648,9.346745911982081,404.0461187500002
2025-10-05,pv_median3,80.17706249999998,2.4799452456535738,16.87047083333331
2025-10-05,pv_median7,141.4780902777778,4.901019272995436,-120.50119305555553
2025-10-06,load_median7,107.38236180555559,2.239439520961218,-46.586292361111134
2025-10-06,load_level_shape,236.85609936436128,5.367385072035727,143.16540486111114
2025-10-06,pv_median3,111.8122298611111,3.4818983220610207,88.32269930555555
2025-10-06,pv_median7,108.73185624999999,5.068175486715389,82.45785902777777
2025-10-07,load_median7,94.3135944444445,2.0164614205202334,-31.414490277777784
2025-10-07,load_level_shape,254.7984707980218,5.856320602315365,180.45467395833379
2025-10-07,pv_median3,88.6357263888889,2.691373803557277,46.13119305555554
2025-10-07,pv_median7,129.32011805555555,4.838021938893303,113.68557499999999
2025-10-08,load_median7,100.63028541666667,2.113967549813719,-44.50090763888889
2025-10-08,load_level_shape,240.1542107157012,5.548422597206746,165.13292118055585
2025-10-08,pv_median3,115.67558749999999,3.388614100483895,0.3902138888889131
2025-10-08,pv_median7,146.13299305555557,5.029669082148648,61.377188888888895
2025-10-09,load_median7,108.02549722222221,2.4257971057052456,-41.029326388888876
2025-10-09,load_level_shape,220.25213056885636,5.081463024528008,145.8189569444445
2025-10-09,pv_median3,133.67998472222223,2.834707262201513,-63.51149027777782
2025-10-09,pv_median7,127.76917222222222,4.392961064329415,-7.029466666666723
2025-10-10,load_median7,1833.6847875,59.178782559508136,1833.6847875
2025-10-10,load_level_shape,217.79227963338673,7.724974075541868,129.8186114583332
2025-10-10,pv_median3,152.57467291666666,3.2199826411135315,-102.08443402777775
2025-10-10,pv_median7,155.46568749999997,4.749327748578522,-84.63106666666665
2025-10-11,load_median7,1858.6022333333337,60.64885307257961,1857.8750111111108
2025-10-11,load_level_shape,232.56434974157926,8.39684687743833,170.62950868055572
2025-10-11,pv_median3,182.61858402777779,4.577985383006847,179.91304930555557
2025-10-11,pv_median7,144.81748749999997,5.231073999453002,131.43869305555555
2025-10-12,load_median7,105.07378194444443,2.2989306376912757,-55.39246527777782
2025-10-12,load_level_shape,223.79064941175076,5.106559788523193,139.19188090277788
2025-10-12,pv_median3,155.9678701388889,3.2520636790889004,78.38124930555558
2025-10-12,pv_median7,116.19045833333335,3.9875695850465416,62.77726944444445
2025-10-13,load_median7,93.08587013888888,1.994936799224499,-50.92707847222224
2025-10-13,load_level_shape,213.75735596147746,4.937586866324458,148.46152777777695
2025-10-13,pv_median3,110.01708194444444,2.7681015343655897,-54.88836805555557
2025-10-13,pv_median7,98.58702083333334,3.8193953592318217,-36.3306736111111
2025-10-14,load_median7,102.60001250000003,2.2554477331525007,-65.4843180555556
2025-10-14,load_level_shape,213.64131789977534,4.852347661994408,138.55514826388855
2025-10-14,pv_median3,116.87113541666665,3.812715508008873,77.78974652777775
2025-10-14,pv_median7,121.15901944444447,4.9991878181097755,104.80770555555553
2025-10-15,load_median7,96.24545208333328,2.0171574585362144,-31.655721527777814
2025-10-15,load_level_shape,215.0489727640634,4.901511725511141,158.4170909722218
2025-10-15,pv_median3,150.97043819444445,4.2943963573587585,147.72445625000003
2025-10-15,pv_median7,170.49494444444446,5.642249393959096,170.141025
2025-10-16,load_median7,104.64247152777779,2.388137192781185,-52.41163819444442
2025-10-16,load_level_shape,183.64132618533938,4.309310514724051,126.75712604166681
2025-10-16,pv_median3,142.69633680555555,5.214600218646762,115.86318819444445
2025-10-16,pv_median7,190.33861249999995,7.9325480726736926,176.11488888888888
2025-10-17,load_median7,1864.445786111111,60.663771249003005,1864.445786111111
2025-10-17,load_level_shape,194.40393594099754,6.952920510673405,136.12003854166713
2025-10-17,pv_median3,75.64240694444445,2.5728483070635666,0.688598611111103
2025-10-17,pv_median7,115.50636180555554,4.946646338584314,88.56125624999997
2025-10-18,load_median7,1876.38208125,61.36121712748855,1876.38208125
2025-10-18,load_level_shape,204.95864949316893,7.377318375458504,163.41039375000022
2025-10-18,pv_median3,73.35284305555557,2.870712982794186,-6.394416666666672
2025-10-18,pv_median7,118.88058472222221,5.717249188785907,70.98639166666665
2025-10-19,load_median7,101.60167986111111,2.1291534170494106,-54.31962430555553
2025-10-19,load_level_shape,185.67079523570703,4.220350476173362,117.93327604166656
2025-10-19,pv_median3,117.3722756944444,4.637581354153228,60.112888194444444
2025-10-19,pv_median7,135.91677847222223,7.201408688632906,106.42098958333331
2025-10-20,load_median7,94.05918333333335,2.0364905536297013,-51.575916666666686
2025-10-20,load_level_shape,174.1809875790344,3.9131931152061594,135.89206736111075
2025-10-20,pv_median3,148.99258055555558,4.88648019151352,81.72645694444446
2025-10-20,pv_median7,138.50008124999997,6.118734904685184,107.75136875000001
2025-10-21,load_median7,93.51056527777779,2.0298576201622254,-46.68287083333332
2025-10-21,load_level_shape,192.77402753631236,4.422444526492673,138.80872812499967
2025-10-21,pv_median3,163.64533333333338,5.140789621623652,143.93881944444445
2025-10-21,pv_median7,179.05679097222227,7.4863662293425515,170.7366618055556
2025-10-22,load_median7,96.71465277777773,2.1431714833393327,-38.53450972222221
2025-10-22,load_level_shape,162.83651188355552,3.7193132053768814,137.39615312499905
2025-10-22,pv_median3,133.30273402777777,4.038098653144895,40.58873541666666
2025-10-22,pv_median7,172.51085277777779,6.831654140059622,111.20347083333331
2025-10-23,load_median7,103.02531874999998,2.364724349275678,-17.313452083333345
2025-10-23,load_level_shape,172.09945200580015,3.9114748635535594,143.10613472222136
2025-10-23,pv_median3,116.3003326388889,2.7576572499873713,-64.59783402777776
2025-10-23,pv_median7,108.3678430555556,4.8740603121417445,17.7480416666667
2025-10-24,load_median7,1851.889967361111,59.91202202120287,1851.889967361111
2025-10-24,load_level_shape,155.9689069330385,5.56195750742213,105.339522916667
2025-10-24,pv_median3,134.7368048611111,3.30281948634512,-67.6087270833333
2025-10-24,pv_median7,87.15823402777775,4.382485035862672,0.029332638888932807
2025-10-25,load_median7,1855.7537812500002,60.302190752529405,1855.7537812500002
2025-10-25,load_level_shape,169.4946660491492,6.019354942905854,131.43201562500053
2025-10-25,pv_median3,116.02992847222221,2.976341717988457,29.776370138888865
2025-10-25,pv_median7,94.10764027777779,3.405291710275441,39.36989722222222
2025-10-26,load_median7,88.86784583333332,1.872841673051922,-35.06110833333334
2025-10-26,load_level_shape,165.40800848306708,3.748199792316751,131.79041493055513
2025-10-26,pv_median3,69.64888194444444,1.5379965416281025,20.481802777777773
2025-10-26,pv_median7,69.24032430555556,2.3652394650218236,-2.573246527777763
2025-10-27,load_median7,102.5760263888889,2.1812728242276083,-51.30715833333332
2025-10-27,load_level_shape,156.47124890488783,3.487687685153086,131.04825104166636
2025-10-27,pv_median3,158.3847888888889,3.9586943082267956,-52.59669027777776
2025-10-27,pv_median7,191.01257916666668,5.3107520985721255,-60.976106944444446
2025-10-28,load_median7,104.61056597222222,2.210465091987417,-44.74152569444441
2025-10-28,load_level_shape,179.55997737985842,4.0366671247586385,145.2166885416665
2025-10-28,pv_median3,110.34870000000001,3.5387884051125473,57.09990555555555
2025-10-28,pv_median7,96.43286597222222,3.625562844708742,53.084171527777755
2025-10-29,load_median7,95.00000555555556,2.0563366690227616,-58.75019444444443
2025-10-29,load_level_shape,118.78096279179132,2.736097690297405,65.69901041666611
2025-10-29,pv_median3,187.90702847222218,4.082946383575744,181.65740902777776
2025-10-29,pv_median7,191.73473958333332,4.927698398046102,190.31128541666666
2025-10-30,load_median7,119.81584930555557,2.7003924756775284,-20.990238194444412
2025-10-30,load_level_shape,128.47488970048087,2.8518429590028904,92.65588229166639
2025-10-30,pv_median3,81.65735486111109,2.7778576969374558,-27.801903472222232
2025-10-30,pv_median7,81.9057423611111,4.4843594244991145,24.29154374999997
2025-10-31,load_median7,1852.3866319444444,60.39370665393887,1852.3866319444444
2025-10-31,load_level_shape,120.22621700485212,4.277276105367735,63.91470347222173
2025-10-31,pv_median3,145.24969444444443,4.783436131640154,139.58488055555551
2025-10-31,pv_median7,193.25642916666663,6.700991353178234,193.25642916666663
2025-11-01,load_median7,1843.1099465277778,60.11255707840034,1843.002446527778
2025-11-01,load_level_shape,140.72404180585357,4.994955986515508,73.17872881944399
2025-11-01,pv_median3,93.89339930555553,2.4357984139013005,-13.68463124999997
2025-11-01,pv_median7,94.57117777777779,4.069920151936416,91.39921111111114
2025-11-02,load_median7,111.68622152777778,2.434477913223201,-68.15325486111111
2025-11-02,load_level_shape,116.19934001380004,2.5831411096612666,56.13321527777739
2025-11-02,pv_median3,85.27649236111111,3.0243467851970456,29.883456250000002
2025-11-02,pv_median7,99.58730902777779,4.970322641403181,78.80656180555556
2025-11-03,load_median7,107.79522499999995,2.341196597954071,-64.28179722222221
2025-11-03,load_level_shape,122.80167689953633,2.7306359917844114,63.448301388889035
2025-11-03,pv_median3,114.91964444444446,3.197127553509354,27.09853333333335
2025-11-03,pv_median7,128.61038333333332,4.4757897816726775,74.16596111111113
2025-11-04,load_median7,115.45050069444447,2.485529334851472,-42.20155763888889
2025-11-04,load_level_shape,136.84594117019455,2.994676396890148,86.57214131944438
2025-11-04,pv_median3,100.19511805555558,2.8755070480389358,-29.296101388888886
2025-11-04,pv_median7,102.14320624999999,4.095813878853011,-7.553367361111084
2025-11-05,load_median7,114.97553541666669,2.4400192650391475,-63.17766319444445
2025-11-05,load_level_shape,108.0826899866703,2.3265294242412704,-2.8169621527778252
2025-11-05,pv_median3,78.11569027777779,3.100797312962193,39.04953888888891
2025-11-05,pv_median7,76.64125416666668,4.437793540126268,45.83512222222225
2025-11-06,load_median7,121.77297083333337,2.7417659308209075,-65.50488888888891
2025-11-06,load_level_shape,105.2759034517012,2.2885245610717835,-5.41504583333321
2025-11-06,pv_median3,137.83293402777775,4.832364640111045,92.47988680555552
2025-11-06,pv_median7,158.68937083333333,6.458286860437558,114.65045416666668
2025-11-07,load_median7,1838.3028868055553,59.3575498160031,1838.3028868055553
2025-11-07,load_level_shape,115.5076149640031,3.8883624185784367,1.7144024305556829
2025-11-07,pv_median3,145.39026527777776,4.80736803334827,-22.63732916666668
2025-11-07,pv_median7,179.67422083333332,6.9363116288598095,-25.172186111111134
2025-11-08,load_median7,1847.4274083333335,60.13155078958747,1845.699213888889
2025-11-08,load_level_shape,112.26628422415303,3.8433988979566998,7.718087500000217
2025-11-08,pv_median3,86.80824930555553,3.0869547577771286,-37.55864097222223
2025-11-08,pv_median7,49.7956409722222,3.3016818670496573,17.937182638888867
2025-11-09,load_median7,124.49309652777775,2.62764384568989,-64.41759236111115
2025-11-09,load_level_shape,110.10524762359891,2.390347818224396,1.64882013888863
2025-11-09,pv_median3,133.4954270833333,3.4760863484127684,30.320421527777754
2025-11-09,pv_median7,108.03058541666665,4.480619493907798,86.36772986111109
2025-11-10,load_median7,123.68866250000002,2.643381103323494,-87.03830833333333
2025-11-10,load_level_shape,105.75803671666229,2.2988360235614578,-21.68230729166768
2025-11-10,pv_median3,145.75529513888887,4.875994855349216,137.13207847222222
2025-11-10,pv_median7,158.46665833333333,6.781851045429131,155.00399444444443
2025-11-11,load_median7,109.7376340277778,2.385857955967184,-60.67574097222223
2025-11-11,load_level_shape,92.3366876985081,2.0190116717386024,-1.7220152777774633
2025-11-11,pv_median3,67.46823611111111,2.0876264241578117,0.6457638888888906
2025-11-11,pv_median7,81.99225000000001,3.5149583334717502,50.4019875
2025-11-12,load_median7,99.31576041666669,2.141884789632302,-30.216032638888933
2025-11-12,load_level_shape,90.2328014142401,1.915026178879102,11.670278819444333
2025-11-12,pv_median3,92.46899652777776,2.408801071832931,-18.502964583333338
2025-11-12,pv_median7,88.41612777777776,3.348900987134615,10.209947222222231
2025-11-13,load_median7,113.79023541666665,2.613574159607793,-47.89282986111113
2025-11-13,load_level_shape,94.91557381218979,2.073601678571721,-8.627722222221912
2025-11-13,pv_median3,111.41669444444445,2.510552834087672,19.718226388888905
2025-11-13,pv_median7,132.43627916666662,3.6272752013762863,48.65977500000003
2025-11-14,load_median7,1871.9194493055556,61.006280793432865,1871.9194493055556
2025-11-14,load_level_shape,92.08998990878177,3.233414947513886,18.16897916666631
2025-11-14,pv_median3,107.90109305555555,3.233096188456762,78.70175694444444
2025-11-14,pv_median7,110.65591874999998,3.7740269462398723,97.8785923611111
2025-11-15,load_median7,1841.540961111111,59.60829506265534,1841.540961111111
2025-11-15,load_level_shape,99.38850675682602,3.2841578673930756,-17.83957951388847
2025-11-15,pv_median3,81.46948333333334,2.7497948305285935,36.41245833333333
2025-11-15,pv_median7,85.34010833333335,3.2024148397074472,77.84330138888889
2025-11-16,load_median7,127.37816875000004,2.64422230350098,-71.24654236111111
2025-11-16,load_level_shape,109.03422566468275,2.2801029674608793,-20.825707986111595
2025-11-16,pv_median3,112.97274652777777,2.7153772247290027,29.156871527777778
2025-11-16,pv_median7,101.30317847222221,3.358014331122288,61.99823958333333
2025-11-17,load_median7,106.97109166666662,2.3725688582465922,-19.774561111111055
2025-11-17,load_level_shape,107.96900447841661,2.4840854277035214,26.250697569443666
2025-11-17,pv_median3,77.42150833333334,2.7513777658224354,-26.143316666666653
2025-11-17,pv_median7,69.2177201388889,3.5306383271565323,14.339039583333333
2025-11-18,load_median7,110.51724930555558,2.3729304655074985,-54.52333402777777
2025-11-18,load_level_shape,99.97148691390774,2.1906426025125496,3.986321527777654
2025-11-18,pv_median3,124.52198125000001,3.3095591532729034,65.32160347222225
2025-11-18,pv_median7,119.82551805555558,3.609958816772738,92.33515138888893
2025-11-19,load_median7,116.11168680555556,2.530177185895917,-73.2529423611111
2025-11-19,load_level_shape,100.88650606319158,2.156359923256142,-26.472965277777213
2025-11-19,pv_median3,75.64020972222221,2.4624919126931224,64.04770972222222
2025-11-19,pv_median7,83.68218888888889,3.3578456144332587,68.78353055555554
2025-11-20,load_median7,113.09335694444445,2.564125573294196,-53.834599999999995
2025-11-20,load_level_shape,95.67155380904474,2.120400440223148,-11.39230416666665
2025-11-20,pv_median3,104.95353333333335,2.446074570793351,19.966859722222214
2025-11-20,pv_median7,87.68767499999997,2.7472900106612177,44.768019444444434
2025-11-21,load_median7,1856.6466076388888,60.37598520712051,1856.6466076388888
2025-11-21,load_level_shape,100.4574026744908,3.435016833616457,1.6736847222221942
2025-11-21,pv_median3,58.94120833333333,2.458079804832588,-6.072008333333333
2025-11-21,pv_median7,72.72828611111115,3.2874697676498976,35.236733333333355
2025-11-22,load_median7,1834.4073145833333,59.138844346941454,1833.699397916667
2025-11-22,load_level_shape,91.8629802114561,3.1477014351115753,-21.29513437500027
2025-11-22,pv_median3,85.27109166666666,3.138135732564414,39.86850555555557
2025-11-22,pv_median7,74.50061527777777,3.337607607165393,57.322662500000014
2025-11-23,load_median7,101.96987430555559,2.2103466964382754,-50.89395208333331
2025-11-23,load_level_shape,93.1222478681799,2.0378551961302573,3.2400434027778147
2025-11-23,pv_median3,167.94472430555555,4.585776087033593,26.270236805555594
2025-11-23,pv_median7,139.73848333333336,4.925151173822341,31.309716666666684
2025-11-24,load_median7,106.3420083333333,2.369985191976468,-57.98257916666668
2025-11-24,load_level_shape,95.73296534968307,2.1070202198769925,-5.131759722222774
2025-11-24,pv_median3,117.5141569444445,2.9289212136488625,-64.28572777777782
2025-11-24,pv_median7,89.27109652777783,3.505619423642292,-32.086885416666696
2025-11-25,load_median7,103.22790138888888,2.237158791212519,-40.87019999999995
2025-11-25,load_level_shape,90.87458367678872,1.9382668604185884,4.578146875000069
2025-11-25,pv_median3,65.23394027777778,2.3003962473461304,46.685197222222214
2025-11-25,pv_median7,89.4152611111111,3.8197007270857792,67.3643333333333
2025-11-26,load_median7,118.21775486111113,2.514242846226677,-44.44017152777774
2025-11-26,load_level_shape,111.36376286048016,2.3697397119790837,-5.920272916666186
2025-11-26,pv_median3,78.03805972222221,2.419909413382986,42.43825
2025-11-26,pv_median7,73.12312361111111,2.9393352336906085,64.89141805555556
2025-11-27,load_median7,109.28241041666669,2.550397526716623,-31.279547916666655
2025-11-27,load_level_shape,87.27622821291057,1.9263867489970017,15.620845138888797
2025-11-27,pv_median3,80.85378680555556,3.3003312721380276,15.313760416666716
2025-11-27,pv_median7,86.15591874999998,4.166814079861606,28.469960416666677
2025-11-28,load_median7,1836.4395708333334,59.3797441681247,1836.4395708333334
2025-11-28,load_level_shape,97.43888380072354,3.343509912686979,-11.160269444444427
2025-11-28,pv_median3,66.40629236111113,2.313749639133623,2.241645138888897
2025-11-28,pv_median7,53.71969444444444,2.9049173563780855,28.63564722222222
2025-11-29,load_median7,1841.2879624999998,59.80375814672263,1839.8904625
2025-11-29,load_level_shape,103.31583211064273,3.493269837835645,-4.890540624999978
2025-11-29,pv_median3,162.6176673611111,4.594699509901519,162.5932659722222
2025-11-29,pv_median7,192.91986388888893,5.968086751490165,192.89546249999998
2025-11-30,load_median7,115.07573541666665,2.4332148372948152,-70.25896319444445
2025-11-30,load_level_shape,96.43876508455558,2.064726350456614,-8.16125729166756
2025-11-30,pv_median3,102.92059027777775,3.136086391595073,101.64999861111109
2025-11-30,pv_median7,152.61809930555557,5.410417452448005,152.56126458333335
2025-12-01,load_median7,375.9785680555556,7.172309703819918,-367.9537777777778
2025-12-01,load_level_shape,333.60954309793556,6.323761272448937,-309.9527520833337
2025-12-01,pv_median3,98.77900763888891,3.0514008482586994,-31.170122916666667
2025-12-01,pv_median7,108.04232708333332,4.628578993775792,71.84414374999999
2025-12-02,load_median7,364.70425069444445,6.981780706356415,-353.43833263888894
2025-12-02,load_level_shape,333.77774226419945,6.296995637793561,-319.4826767361107
2025-12-02,pv_median3,88.4445840277778,3.163339632656676,38.74817430555555
2025-12-02,pv_median7,129.2391736111111,5.198236073247633,129.14510833333333
2025-12-03,load_median7,318.48954444444445,6.1499808456881855,-297.4430125
2025-12-03,load_level_shape,319.7344857277716,6.129936630066353,-289.3216458333332
2025-12-03,pv_median3,85.07759305555558,2.6673627771516566,18.284108333333343
2025-12-03,pv_median7,99.42609097222223,4.106735916849214,74.60228819444445
2025-12-04,load_median7,312.85478888888895,6.112094966968665,-286.55376527777776
2025-12-04,load_level_shape,338.17892773448034,6.37771060287466,-323.46704236111145
2025-12-04,pv_median3,79.82482291666666,2.40474612594045,-30.416849305555576
2025-12-04,pv_median7,76.24965416666664,3.4230331875749362,-1.0252013888888882
2025-12-05,load_median7,1834.9895000000001,54.84756963191604,1834.9895000000001
2025-12-05,load_level_shape,311.94872648321075,8.995110283344877,-283.3634694444442
2025-12-05,pv_median3,72.55824513888888,2.54473857853723,8.314142361111111
2025-12-05,pv_median7,71.78166527777778,3.1024025385613463,29.369251388888895
2025-12-06,load_median7,1810.368386111111,53.9944007603389,1809.8749138888888
2025-12-06,load_level_shape,336.49354226155356,9.751945220434708,-309.66642673611153
2025-12-06,pv_median3,119.6634041666667,3.300468235059472,90.03231527777777
2025-12-06,pv_median7,105.28207638888891,3.980946027265865,86.11496111111111
2025-12-07,load_median7,132.61632638888892,2.6951936679186614,-89.73842361111109
2025-12-07,load_level_shape,317.3123524276024,6.094285302713242,-300.29206979166634
2025-12-07,pv_median3,76.21381180555555,2.938363827374746,17.236249305555553
2025-12-07,pv_median7,63.495901388888875,3.039778346244458,16.027390277777776
2025-12-08,load_median7,99.66087430555551,2.0332102279449202,-25.864314583333336
2025-12-08,load_level_shape,292.28560095258297,5.571453786927429,-273.0932121527776
2025-12-08,pv_median3,79.26250208333335,2.292777383245168,25.875100694444498
2025-12-08,pv_median7,82.08702083333334,2.7915105764653885,48.43980972222227
2025-12-09,load_median7,121.98347222222225,2.448198170171732,-44.83695138888888
2025-12-09,load_level_shape,306.6845757953289,5.83676112631616,-287.6005559027768
2025-12-09,pv_median3,97.13588958333334,2.867148963300232,-11.310029861111126
2025-12-09,pv_median7,75.91032430555553,2.8237121735801827,3.883950694444457
2025-12-10,load_median7,128.90179791666665,2.655580159436913,-39.27448402777775
2025-12-10,load_level_shape,300.9477399721986,5.801778763837554,-278.11412048611163
2025-12-10,pv_median3,71.8598902777778,2.431141956144035,51.833318055555566
2025-12-10,pv_median7,93.48722430555556,3.4009908205260815,57.046795138888875
2025-12-11,load_median7,123.10102222222223,2.7341014449511434,-16.77493194444444
2025-12-11,load_level_shape,274.132369332353,5.2380262513035385,-252.69223888888797
2025-12-11,pv_median3,105.6390236111111,2.8515725289894194,-49.1636027777778
2025-12-11,pv_median7,83.1434659722222,2.5122272209652263,-31.476334027777757
2025-12-12,load_median7,1846.7982763888892,55.55122386582225,1846.7982763888892
2025-12-12,load_level_shape,301.68158709113055,8.730350661037944,-274.76482777777784
2025-12-12,pv_median3,116.58811736111109,3.052232498958053,78.90154236111113
2025-12-12,pv_median7,108.63638333333333,3.181516091509177,78.83930833333332
2025-12-13,load_median7,1840.1978374999999,55.14397579893853,1839.362698611111
2025-12-13,load_level_shape,299.01457502622713,8.70086284673212,-280.86100451388876
2025-12-13,pv_median3,78.50988958333333,2.1756921485044307,47.138553472222206
2025-12-13,pv_median7,84.23666041666667,2.5631360076428717,63.52346597222221
2025-12-14,load_median7,124.57343055555556,2.4015014305398115,-64.07181388888888
2025-12-14,load_level_shape,289.10822733626344,5.4006683480646815,-274.50529479166613
2025-12-14,pv_median3,66.39323958333333,2.5126213477184516,6.219799305555544
2025-12-14,pv_median7,55.11650138888886,2.145639625603877,25.13580694444444
2025-12-15,load_median7,116.48257361111109,2.3130116484279295,-59.43222222222224
2025-12-15,load_level_shape,282.4121069299825,5.406483517548317,-265.23842708333325
2025-12-15,pv_median3,61.621385416666676,1.7022260233268942,25.120739583333332
2025-12-15,pv_median7,80.18810138888888,2.281378748540645,52.09378055555555
2025-12-16,load_median7,110.75745694444441,2.2220345493118847,-70.96499999999996
2025-12-16,load_level_shape,293.0354278659207,5.537541626325335,-285.6114850694446
2025-12-16,pv_median3,48.29556388888889,1.3118700016227078,8.484015277777804
2025-12-16,pv_median7,65.48121805555556,1.701179025984186,27.418813888888906
2025-12-17,load_median7,121.57108749999998,2.432178925928288,-60.31145000000002
2025-12-17,load_level_shape,297.42095436421977,5.706930159170623,-280.14764930555543
2025-12-17,pv_median3,62.49987777777777,1.6458125612414949,-43.89579722222223
2025-12-17,pv_median7,52.36601736111111,1.3851502517144545,-27.00103958333332
2025-12-18,load_median7,128.1877444444445,2.779388722548663,-59.161550000000005
2025-12-18,load_level_shape,288.68727609084635,5.479262801470072,-273.69827361111015
2025-12-18,pv_median3,97.74299791666667,2.1064348317682207,-66.90918402777781
2025-12-18,pv_median7,90.70203194444444,2.078423321777899,-48.97247083333335
2025-12-19,load_median7,1852.3435756944446,55.37731184737405,1852.3435756944446
2025-12-19,load_level_shape,275.70346710395563,7.9777626968559,-267.4740347222224
2025-12-19,pv_median3,81.27629722222224,2.2533382115473923,0.3520874999999819
2025-12-19,pv_median7,81.78584097222223,2.149454046458219,-3.023285416666675
2025-12-20,load_median7,1849.210463888889,55.28177697159953,1849.210463888889
2025-12-20,load_level_shape,272.1692124920418,7.966960819962675,-264.8721569444436
2025-12-20,pv_median3,71.99778541666663,2.5211568731381098,15.635060416666676
2025-12-20,pv_median7,75.98751180555551,2.522119190896121,-8.987131249999997
2025-12-21,load_median7,134.06633958333336,2.705025601345504,-55.35700208333334
2025-12-21,load_level_shape,292.39769493030246,5.520591195603139,-268.0495277777778
2025-12-21,pv_median3,105.43072291666667,2.747029139053013,30.76709097222223
2025-12-21,pv_median7,80.3982659722222,2.1549891354000597,15.083336805555547
2025-12-22,load_median7,118.49133819444448,2.51345497544813,-71.46672708333331
2025-12-22,load_level_shape,277.74380094780673,5.377415738768293,-271.68993854166706
2025-12-22,pv_median3,45.91172708333332,1.3887507293902412,1.5903812500000103
2025-12-22,pv_median7,37.640102083333325,1.2463841096723252,-3.040550694444457
2025-12-23,load_median7,110.25603055555553,2.2844362092808894,-38.94874027777775
2025-12-23,load_level_shape,266.3411696583284,5.070006660398706,-253.57823298611115
2025-12-23,pv_median3,55.88503958333334,1.7785225790666312,-36.50906736111113
2025-12-23,pv_median7,57.549114583333335,1.5658860111784454,-34.590536805555594
2025-12-24,load_median7,109.69997430555556,2.3122783556843456,-41.06901458333332
2025-12-24,load_level_shape,254.06706831886544,4.903246369432488,-249.26319999999953
2025-12-24,pv_median3,83.2524923611111,2.130916949663766,-2.1425062499999794
2025-12-24,pv_median7,75.76023263888887,1.9850349170813366,-0.9018284722221969
2025-12-25,load_median7,123.13853055555556,2.715775368900908,-43.36282222222222
2025-12-25,load_level_shape,264.8007045937212,5.114473176726101,-249.02398541666676
2025-12-25,pv_median3,49.104154861111105,1.2969298557557962,14.648740972222262
2025-12-25,pv_median7,53.41429930555554,1.53568646902821,5.531321527777799
2025-12-26,load_median7,1847.3345173611112,55.706606026114535,1847.3345173611112
2025-12-26,load_level_shape,264.5848596924951,7.682678144729689,-251.85865312499968
2025-12-26,pv_median3,90.87778333333333,2.7007423585033705,45.89705694444444
2025-12-26,pv_median7,82.48314444444443,2.2880537771281184,33.53249861111111
2025-12-27,load_median7,1841.5480055555558,55.36308685665211,1841.5480055555558
2025-12-27,load_level_shape,264.24569427987285,7.752550829417933,-245.86418576388874
2025-12-27,pv_median3,60.77809166666667,1.6092906023816813,35.424761111111124
2025-12-27,pv_median7,60.507527777777796,1.5145493667250625,41.962845833333354
2025-12-28,load_median7,113.01021180555557,2.3409359533826035,-37.70557013888893
2025-12-28,load_level_shape,238.8573398374637,4.675249084026344,-221.94655902777774
2025-12-28,pv_median3,72.93947847222222,2.2001495482377793,-50.394502083333336
2025-12-28,pv_median7,64.73877569444446,2.129457452480292,-31.921692361111102
2025-12-29,load_median7,115.13494097222224,2.3521365978153033,-48.003961805555605
2025-12-29,load_level_shape,142.04544979020895,2.830149404796034,-96.44342743055667
2025-12-29,pv_median3,72.16400208333332,2.392688141776801,-27.18849930555556
2025-12-29,pv_median7,62.30750694444444,1.873068320485087,-8.846497222222222
2025-12-30,load_median7,100.53842569444444,2.0425364741396517,-47.83213541666666
2025-12-30,load_level_shape,143.40611269729962,2.812593347563051,-107.05200173611121
2025-12-30,pv_median3,99.70910486111113,2.4493664993651505,-60.68254375000001
2025-12-30,pv_median7,100.7917,2.54296879788094,-59.128988888888884
2025-12-31,load_median7,118.24693055555554,2.460841249074757,-60.85157777777777
2025-12-31,load_level_shape,149.54507534917627,3.0031297953880287,-113.52786527777869
2025-12-31,pv_median3,87.86284861111113,2.6067497683110394,60.589713888888895
2025-12-31,pv_median7,61.68895694444445,1.8493730194646347,31.518202777777788
